class,x1,y1,x2,y2,x3,y3,x4,y4,x5,y5,x6,y6,x7,y7,x8,y8,x9,y9,x10,y10,x11,y11,x12,y12,x13,y13,x14,y14,x15,y15,x16,y16,x17,y17,x18,y18,x19,y19,x20,y20,x21,y21
A,0.29584911465644836,0.6796134114265442,0.2090378850698471,0.6129261255264282,0.14788323640823364,0.5224148035049438,0.12574760615825653,0.439132958650589,0.130589097738266,0.3804073929786682,0.1790519654750824,0.46074822545051575,0.17199917137622833,0.36569899320602417,0.18085435032844543,0.385367751121521,0.18563434481620789,0.42649930715560913,0.24056567251682281,0.46719875931739807,0.24112719297409058,0.3902515172958374,0.24978196620941162,0.464661568403244,0.2511325776576996,0.5320500135421753,0.30118605494499207,0.4830985963344574,0.30271533131599426,0.4307228624820709,0.30211007595062256,0.5062283277511597,0.2959461212158203,0.5720829367637634,0.3627261519432068,0.5070970058441162,0.36239317059516907,0.4522410035133362,0.3518493175506592,0.5043882727622986,0.3405158221721649,0.5539275407791138
A,0.27791449427604675,0.7281267642974854,0.16868403553962708,0.6345564723014832,0.10712496936321259,0.4895862340927124,0.10456092655658722,0.3682025074958801,0.12610270082950592,0.26164838671684265,0.22320418059825897,0.39519405364990234,0.18803012371063232,0.3427131175994873,0.16879618167877197,0.4312038719654083,0.1664714217185974,0.5099493265151978,0.3039688766002655,0.40266770124435425,0.2553728222846985,0.36883023381233215,0.2299250215291977,0.48726049065589905,0.23318612575531006,0.5764233469963074,0.3826135993003845,0.43265438079833984,0.32981687784194946,0.4105266034603119,0.29328978061676025,0.5270583033561707,0.28439414501190186,0.6143322587013245,0.4589141011238098,0.4826076030731201,0.4023382365703583,0.4557943344116211,0.3599270284175873,0.5384724736213684,0.35281267762184143,0.6056095361709595
A,0.2733038365840912,0.7504243850708008,0.15381848812103271,0.6491185426712036,0.08793210983276367,0.4929690361022949,0.09078988432884216,0.37073495984077454,0.11425971984863281,0.26893746852874756,0.2091839611530304,0.39397287368774414,0.18040253221988678,0.3258673846721649,0.16416990756988525,0.4355941414833069,0.16832304000854492,0.5286322832107544,0.29683399200439453,0.41102343797683716,0.253846675157547,0.3695685565471649,0.23238085210323334,0.5029028654098511,0.24601201713085175,0.6022435426712036,0.3773258924484253,0.44672805070877075,0.3205394744873047,0.42210862040519714,0.29046764969825745,0.5493869185447693,0.2920439839363098,0.6439042091369629,0.4507582187652588,0.4951442778110504,0.3924967050552368,0.47512924671173096,0.35311001539230347,0.5585423111915588,0.34897175431251526,0.6240103244781494
A,0.2607787251472473,0.758577823638916,0.14244917035102844,0.6581445932388306,0.08154216408729553,0.4967556297779083,0.09010213613510132,0.3737696707248688,0.11569853127002716,0.27378228306770325,0.20428960025310516,0.3968580961227417,0.16571354866027832,0.3347052335739136,0.1479358673095703,0.4502279460430145,0.15059882402420044,0.542937159538269,0.29296842217445374,0.41706350445747375,0.2359216809272766,0.3770478367805481,0.21600782871246338,0.5154405236244202,0.22981512546539307,0.61620032787323,0.37497225403785706,0.45463865995407104,0.3048747777938843,0.43152809143066406,0.2786354720592499,0.5639352202415466,0.28203681111335754,0.6593436598777771,0.449753999710083,0.5025022029876709,0.38086724281311035,0.48420289158821106,0.3437820374965668,0.5677157640457153,0.34131643176078796,0.6322365999221802
A,0.26473310589790344,0.7616434097290039,0.14403313398361206,0.6702123880386353,0.07773053646087646,0.5055185556411743,0.08088627457618713,0.3797951936721802,0.10152196884155273,0.27695661783218384,0.18343545496463776,0.40031811594963074,0.153170645236969,0.3216036260128021,0.14310893416404724,0.4364513158798218,0.15373624861240387,0.532617449760437,0.27654147148132324,0.42089760303497314,0.2347794771194458,0.3826305568218231,0.22474049031734467,0.5227157473564148,0.24035249650478363,0.6212536096572876,0.3586088716983795,0.4580766260623932,0.30910158157348633,0.4359627366065979,0.2867991030216217,0.5730742812156677,0.28916481137275696,0.6746174097061157,0.4326719641685486,0.5048094987869263,0.38697388768196106,0.4882243573665619,0.35597169399261475,0.5735282897949219,0.3506435453891754,0.6387454271316528
B,0.4824329912662506,0.7152555584907532,0.37222298979759216,0.7218101024627686,0.289431095123291,0.6479085683822632,0.3185136616230011,0.5660386681556702,0.383164644241333,0.5004352927207947,0.3386303186416626,0.4608335494995117,0.3258170485496521,0.3370007276535034,0.3313937783241272,0.2512001097202301,0.3441493809223175,0.1761864721775055,0.41100022196769714,0.4383828043937683,0.3992977440357208,0.30042535066604614,0.3983815908432007,0.2070334106683731,0.4010661244392395,0.12717580795288086,0.4798945188522339,0.44598689675331116,0.47033268213272095,0.3139137625694275,0.46679288148880005,0.22995606064796448,0.4659894108772278,0.15501219034194946,0.5558010339736938,0.4768836200237274,0.5474187135696411,0.36936652660369873,0.5428314208984375,0.30282869935035706,0.5389357209205627,0.2428792268037796
B,0.5172561407089233,0.7807687520980835,0.41477376222610474,0.7611722946166992,0.3349646031856537,0.672927737236023,0.3818434178829193,0.5855875015258789,0.46003925800323486,0.5575906038284302,0.3701731562614441,0.5183839797973633,0.34351271390914917,0.4017508029937744,0.33776646852493286,0.3187304735183716,0.3391121029853821,0.24514466524124146,0.43697866797447205,0.49153846502304077,0.40882188081741333,0.36157822608947754,0.3958834409713745,0.2680872082710266,0.38851895928382874,0.19092753529548645,0.5012767910957336,0.49417051672935486,0.48312079906463623,0.36981579661369324,0.4717409014701843,0.2859824001789093,0.46326944231987,0.21153584122657776,0.5687000751495361,0.5233269929885864,0.5594230890274048,0.42249011993408203,0.5511839985847473,0.35475093126296997,0.5423600673675537,0.2921831011772156
B,0.5199721455574036,0.7785434126853943,0.4203081429004669,0.7632697820663452,0.34503671526908875,0.6751105189323425,0.3988490104675293,0.5882302522659302,0.4729848802089691,0.5587145686149597,0.37857550382614136,0.5228785276412964,0.34731876850128174,0.40250617265701294,0.3384062647819519,0.3166397213935852,0.33806759119033813,0.24124228954315186,0.44723331928253174,0.49807530641555786,0.41666823625564575,0.3621888756752014,0.39972981810569763,0.2660025358200073,0.3909643590450287,0.19068822264671326,0.5139531493186951,0.5021719336509705,0.49909743666648865,0.37486469745635986,0.48947060108184814,0.2904774844646454,0.4829794764518738,0.2181260585784912,0.5839415788650513,0.5315601229667664,0.5767998695373535,0.42612093687057495,0.567733645439148,0.35623112320899963,0.5590221285820007,0.2921580672264099
B,0.5264462232589722,0.7888924479484558,0.4238441288471222,0.7710920572280884,0.3473196029663086,0.6780623197555542,0.4044927656650543,0.5887846350669861,0.4825874865055084,0.5676702260971069,0.37979573011398315,0.5287737846374512,0.3475034534931183,0.4094500243663788,0.3345361649990082,0.32743117213249207,0.3289932608604431,0.2532789707183838,0.45271745324134827,0.5008907318115234,0.4265153110027313,0.36392301321029663,0.4118342101573944,0.26983824372291565,0.4024719297885895,0.19437313079833984,0.5214989185333252,0.5038287043571472,0.5148833394050598,0.37387287616729736,0.5132563710212708,0.2877458333969116,0.5131025314331055,0.21191605925559998,0.5902993679046631,0.532568097114563,0.5845743417739868,0.425304651260376,0.5780243873596191,0.35492607951164246,0.5713962316513062,0.28918930888175964
B,0.5306740999221802,0.7880982160568237,0.4304373562335968,0.7707866430282593,0.3558655083179474,0.6826053857803345,0.4115004539489746,0.5949693918228149,0.48894116282463074,0.5620735883712769,0.3916282653808594,0.5286868810653687,0.3585323691368103,0.4052678942680359,0.3470403552055359,0.3213478922843933,0.3446251153945923,0.2456771433353424,0.4600294828414917,0.5037109851837158,0.43299102783203125,0.3655443489551544,0.41705578565597534,0.2718314528465271,0.4096371531486511,0.19700419902801514,0.5262917876243591,0.508427083492279,0.5156401991844177,0.3783095180988312,0.5079905390739441,0.29348987340927124,0.5042838454246521,0.21841806173324585,0.5947006344795227,0.5390159487724304,0.5911370515823364,0.43187037110328674,0.5827070474624634,0.36296260356903076,0.5746947526931763,0.29975825548171997
C,0.721579909324646,0.6398317813873291,0.5887424349784851,0.6873276829719543,0.46634700894355774,0.6569176912307739,0.35345131158828735,0.6135175228118896,0.2357996702194214,0.5726280808448792,0.6032317280769348,0.398873507976532,0.47437191009521484,0.284200519323349,0.3660460114479065,0.2604469954967499,0.2778037488460541,0.26120686531066895,0.6369114518165588,0.3445030748844147,0.4716072976589203,0.23148398101329803,0.34413230419158936,0.23691579699516296,0.25585299730300903,0.262021005153656,0.6463101506233215,0.3243367373943329,0.4928359091281891,0.22308100759983063,0.37327414751052856,0.23535758256912231,0.2937365174293518,0.2714511454105377,0.6428309679031372,0.32219207286834717,0.5192915797233582,0.2524980902671814,0.42757028341293335,0.25368982553482056,0.35747161507606506,0.2727881073951721
C,0.6114283800125122,0.6400117874145508,0.5051429867744446,0.6197632551193237,0.42328399419784546,0.5828616619110107,0.3489447832107544,0.5544646978378296,0.27272945642471313,0.5333852767944336,0.47415268421173096,0.4617019593715668,0.40659967064857483,0.3985336124897003,0.3455768823623657,0.37361282110214233,0.28675931692123413,0.36151015758514404,0.5013399720191956,0.446795254945755,0.41575393080711365,0.36692818999290466,0.34587597846984863,0.3487640619277954,0.28102684020996094,0.339953750371933,0.5266507267951965,0.45309364795684814,0.4517245292663574,0.3678537607192993,0.38427579402923584,0.350617378950119,0.32241982221603394,0.3439990282058716,0.5470849275588989,0.4728027582168579,0.493294894695282,0.41327089071273804,0.44336169958114624,0.3872215747833252,0.3927503228187561,0.369409441947937
C,0.7266074419021606,0.6578421592712402,0.6120496392250061,0.6272526979446411,0.528498113155365,0.5743727087974548,0.4440312385559082,0.5543246269226074,0.3536054491996765,0.5430276989936829,0.6310975551605225,0.3788492977619171,0.5045250654220581,0.3391213119029999,0.42001891136169434,0.3551441431045532,0.35817164182662964,0.38821572065353394,0.6623419523239136,0.3729070723056793,0.5015223026275635,0.3274287283420563,0.4071354269981384,0.347767174243927,0.34473133087158203,0.3830278515815735,0.6788545250892639,0.3979896605014801,0.5316003561019897,0.3332165777683258,0.43534713983535767,0.3475938141345978,0.36774465441703796,0.3741005063056946,0.6745756268501282,0.4407135844230652,0.5719988346099854,0.3842472732067108,0.49691230058670044,0.37595775723457336,0.43101900815963745,0.372612327337265
C,0.7314940690994263,0.6533762812614441,0.6161634922027588,0.6287075281143188,0.5317807793617249,0.5758786201477051,0.4438745677471161,0.5545476675033569,0.35309338569641113,0.5427024960517883,0.6425511240959167,0.38024085760116577,0.51033616065979,0.34028518199920654,0.42376965284347534,0.35308313369750977,0.36288073658943176,0.38198724389076233,0.6659923195838928,0.36721372604370117,0.49928078055381775,0.31957101821899414,0.4041551351547241,0.33560797572135925,0.34350115060806274,0.3704412579536438,0.6722617149353027,0.38558536767959595,0.5172750949859619,0.3198479413986206,0.41932427883148193,0.32969942688941956,0.3528406322002411,0.354009747505188,0.6569511890411377,0.42017248272895813,0.5440545678138733,0.3639295697212219,0.46738260984420776,0.35522881150245667,0.402179479598999,0.354574054479599
C,0.7255911827087402,0.6468043923377991,0.6164538860321045,0.626349925994873,0.5302847027778625,0.5755695700645447,0.4437822699546814,0.5524480938911438,0.3504164516925812,0.5419833660125732,0.6263318657875061,0.3853664696216583,0.4986928701400757,0.3448601961135864,0.41783660650253296,0.35806646943092346,0.35756945610046387,0.3861415684223175,0.6567760705947876,0.3758225739002228,0.4993922710418701,0.333231657743454,0.408842533826828,0.3467419445514679,0.3474133014678955,0.3760725259780884,0.672837495803833,0.39742720127105713,0.5313900709152222,0.3439086675643921,0.4424198865890503,0.35368478298187256,0.3783649206161499,0.3738136291503906,0.6713572144508362,0.4382377862930298,0.5703849792480469,0.3953002095222473,0.5029403567314148,0.3880998492240906,0.4452298879623413,0.38678663969039917
D,0.6076143383979797,0.9105383157730103,0.4800316095352173,0.9298664331436157,0.3820643424987793,0.8403714895248413,0.29472509026527405,0.7493666410446167,0.2238694727420807,0.6660647988319397,0.5947421193122864,0.66371089220047,0.5219314098358154,0.5373144149780273,0.4212573170661926,0.5628209114074707,0.3571304976940155,0.5984088182449341,0.6170947551727295,0.6039807796478271,0.6068359017372131,0.41388264298439026,0.5900089740753174,0.32432591915130615,0.6050902009010315,0.2469249665737152,0.6164918541908264,0.5822974443435669,0.5694771409034729,0.40609967708587646,0.5172319412231445,0.3890761733055115,0.5090563297271729,0.3705572783946991,0.5890925526618958,0.5751245617866516,0.5687705874443054,0.4390542805194855,0.5471804738044739,0.38959938287734985,0.5260551571846008,0.3264177739620209
D,0.6193844676017761,0.9248530864715576,0.49021196365356445,0.9327462911605835,0.4092133939266205,0.8288798332214355,0.32508474588394165,0.7390341758728027,0.25222083926200867,0.6396017670631409,0.6298243999481201,0.6393980979919434,0.5329746007919312,0.5309091210365295,0.4066627323627472,0.5774509906768799,0.33336493372917175,0.63104647397995,0.6500625610351562,0.5868579745292664,0.6352445483207703,0.3977118134498596,0.589463472366333,0.29925718903541565,0.581026554107666,0.2093210518360138,0.6412286758422852,0.569923460483551,0.6044839024543762,0.40693098306655884,0.5471723079681396,0.35535964369773865,0.536213755607605,0.29925206303596497,0.6170321106910706,0.5705726146697998,0.5919170379638672,0.4452749490737915,0.5609452724456787,0.4106828272342682,0.5468182563781738,0.3636108338832855
D,0.4559880197048187,0.7824912667274475,0.34314730763435364,0.7515231370925903,0.2784886062145233,0.688079833984375,0.22301338613033295,0.6327029466629028,0.19784843921661377,0.5539529919624329,0.44974249601364136,0.5330826640129089,0.41559529304504395,0.42549842596054077,0.39529070258140564,0.37895694375038147,0.38923951983451843,0.3449779748916626,0.4816787838935852,0.5192192792892456,0.42264965176582336,0.3813793361186981,0.39476656913757324,0.3105717897415161,0.39766716957092285,0.2524145841598511,0.48968541622161865,0.5234940648078918,0.35845839977264404,0.43029069900512695,0.2751387655735016,0.4801107347011566,0.2519981265068054,0.5358260869979858,0.47254422307014465,0.5344803929328918,0.377040833234787,0.4484967887401581,0.314102441072464,0.44667136669158936,0.2783087491989136,0.4651157259941101
D,0.6637635827064514,0.650779128074646,0.5629759430885315,0.6353579759597778,0.5072762966156006,0.5792608857154846,0.45650050044059753,0.5309892296791077,0.42945602536201477,0.46726709604263306,0.6729708909988403,0.45779529213905334,0.62575763463974,0.37200289964675903,0.5864443778991699,0.3489111065864563,0.5639252662658691,0.34172582626342773,0.70745849609375,0.4491516351699829,0.6547383666038513,0.33404624462127686,0.6222739815711975,0.26815512776374817,0.6081443428993225,0.22107872366905212,0.7204009294509888,0.4606013298034668,0.6288779973983765,0.35958132147789,0.5381612777709961,0.37500762939453125,0.487987756729126,0.4131677448749542,0.7062721252441406,0.476535439491272,0.6408373713493347,0.38849470019340515,0.5848522782325745,0.36663442850112915,0.542136549949646,0.3661838173866272
D,0.5295141339302063,0.8128037452697754,0.40986305475234985,0.7601528763771057,0.3314938545227051,0.6808452606201172,0.25631487369537354,0.6424099206924438,0.20016206800937653,0.5920842885971069,0.5142825245857239,0.4918396770954132,0.4541460871696472,0.35250186920166016,0.4332199990749359,0.25735142827033997,0.41994085907936096,0.17785245180130005,0.552053689956665,0.5123063325881958,0.37411266565322876,0.4156198799610138,0.27579206228256226,0.4677674472332001,0.2375708520412445,0.5256994366645813,0.5519320368766785,0.5565343499183655,0.3868282437324524,0.45401954650878906,0.2851279377937317,0.49831998348236084,0.23862852156162262,0.5555117726325989,0.5202157497406006,0.6083361506462097,0.4235326051712036,0.5034672021865845,0.3516770005226135,0.4849908649921417,0.3088582158088684,0.48831838369369507
E,0.38114550709724426,0.8166440725326538,0.2907169461250305,0.796843409538269,0.21599452197551727,0.7446527481079102,0.22955790162086487,0.6878266334533691,0.28731590509414673,0.666240930557251,0.27150487899780273,0.62986159324646,0.2572847604751587,0.5481244921684265,0.2540585398674011,0.5878746509552002,0.26341795921325684,0.6328895688056946,0.32595938444137573,0.6181280612945557,0.31246671080589294,0.5322650074958801,0.31308239698410034,0.6034308075904846,0.32210201025009155,0.6501210927963257,0.38274621963500977,0.6213733553886414,0.3754465878009796,0.5354702472686768,0.3671150803565979,0.6094122529029846,0.37315648794174194,0.6601194739341736,0.4444641172885895,0.6381997466087341,0.4411545693874359,0.5734075903892517,0.42923128604888916,0.6232418417930603,0.42903515696525574,0.6682917475700378
E,0.40275412797927856,0.6632113456726074,0.2666093409061432,0.5990537405014038,0.1772347390651703,0.4586881399154663,0.2792353630065918,0.382796049118042,0.40485692024230957,0.4435279369354248,0.2623719274997711,0.3423965275287628,0.2523685693740845,0.2137746959924698,0.23692677915096283,0.28318479657173157,0.2451874166727066,0.36064663529396057,0.33900707960128784,0.3261083662509918,0.34740760922431946,0.18063311278820038,0.3169465661048889,0.25242099165916443,0.3179093301296234,0.3379514515399933,0.41874629259109497,0.3380383253097534,0.4280351400375366,0.18840087950229645,0.38588571548461914,0.2724250853061676,0.38519030809402466,0.36126700043678284,0.5005800127983093,0.3761186897754669,0.4801766872406006,0.28319114446640015,0.4389966130256653,0.35141950845718384,0.43323343992233276,0.4280967712402344
E,0.39734992384910583,0.6856623888015747,0.2654860317707062,0.6143468618392944,0.17024241387844086,0.4643159806728363,0.2664082646369934,0.3887469172477722,0.39698898792266846,0.4518836736679077,0.2702219784259796,0.34385886788368225,0.25770530104637146,0.21937644481658936,0.23835530877113342,0.2975047826766968,0.2467375099658966,0.3730061650276184,0.3447114825248718,0.3369724750518799,0.3553897738456726,0.18964408338069916,0.31535202264785767,0.2685278058052063,0.31292206048965454,0.35046541690826416,0.42112481594085693,0.35550111532211304,0.436117023229599,0.20145674049854279,0.3811553120613098,0.28869807720184326,0.37401285767555237,0.3759624660015106,0.49657487869262695,0.39761674404144287,0.47747135162353516,0.297556072473526,0.42870745062828064,0.3651890158653259,0.4205034375190735,0.44056886434555054
E,0.39408642053604126,0.6853553056716919,0.27038583159446716,0.6109365224838257,0.18259648978710175,0.4682809114456177,0.26711881160736084,0.39995554089546204,0.39054903388023376,0.457461416721344,0.2902981638908386,0.34670037031173706,0.2913339138031006,0.2107883244752884,0.2572537660598755,0.28416895866394043,0.2513408064842224,0.358094722032547,0.3626309037208557,0.3486841320991516,0.38421061635017395,0.19571585953235626,0.3354787826538086,0.2751314640045166,0.3245208263397217,0.3529554307460785,0.4340447783470154,0.3696572482585907,0.45094943046569824,0.21953085064888,0.38800767064094543,0.3061304986476898,0.37425515055656433,0.39083871245384216,0.5028564929962158,0.4107879102230072,0.4873322546482086,0.30492401123046875,0.43282854557037354,0.3672640323638916,0.4186897873878479,0.4377260208129883
E,0.39695847034454346,0.6808997988700867,0.26985856890678406,0.6060235500335693,0.19313353300094604,0.47011271119117737,0.28932181000709534,0.4080688953399658,0.40153971314430237,0.4678040146827698,0.2978648245334625,0.3523182272911072,0.2969880998134613,0.2290896624326706,0.2691911458969116,0.29767870903015137,0.2695542573928833,0.372615247964859,0.3732062578201294,0.3495812714099884,0.3933064043521881,0.20738741755485535,0.3508385717868805,0.27179795503616333,0.34279537200927734,0.3494536876678467,0.4479348659515381,0.37203580141067505,0.46399664878845215,0.22899895906448364,0.4091259837150574,0.3053745627403259,0.40015071630477905,0.3896140456199646,0.521280825138092,0.41656044125556946,0.503920316696167,0.3146556317806244,0.45267999172210693,0.3720572590827942,0.4386981427669525,0.4436282813549042
F,0.4233420193195343,0.7179574370384216,0.3165081739425659,0.6704983115196228,0.26682400703430176,0.6021466851234436,0.24215096235275269,0.5263027548789978,0.2346307337284088,0.45049989223480225,0.4070085883140564,0.4881213307380676,0.35391080379486084,0.39142927527427673,0.2954546809196472,0.3649423122406006,0.2345137596130371,0.3567848205566406,0.4886448085308075,0.4802509546279907,0.46923065185546875,0.34901806712150574,0.4309009909629822,0.2624450623989105,0.3809984624385834,0.1849428117275238,0.5579277873039246,0.5056843757629395,0.5945587158203125,0.3759326636791229,0.590187668800354,0.2870485186576843,0.5674136281013489,0.20946499705314636,0.6137666702270508,0.5538240671157837,0.6914101243019104,0.4736388027667999,0.7220069169998169,0.41798993945121765,0.7271250486373901,0.3561268746852875
F,0.5088639259338379,0.7235025763511658,0.40350061655044556,0.6851156949996948,0.35505998134613037,0.6163350343704224,0.3400879502296448,0.5590792894363403,0.34134286642074585,0.5081616640090942,0.4818217158317566,0.470382958650589,0.42990368604660034,0.37350994348526,0.3678906559944153,0.3533024489879608,0.2989985942840576,0.35519468784332275,0.5657973885536194,0.4649178981781006,0.5441288948059082,0.33033305406570435,0.5031668543815613,0.24150294065475464,0.4478977620601654,0.16181907057762146,0.6416566967964172,0.4962800443172455,0.6791874766349792,0.3628677427768707,0.6740979552268982,0.274557888507843,0.6506801843643188,0.1947634518146515,0.7039871215820312,0.5515849590301514,0.7788482904434204,0.4634186029434204,0.8058064579963684,0.4045259356498718,0.8085076808929443,0.3340323865413666
F,0.44397079944610596,0.7302440404891968,0.32231420278549194,0.6543546915054321,0.2738018035888672,0.5692787766456604,0.24614259600639343,0.48398929834365845,0.2426050901412964,0.39141279458999634,0.4572172164916992,0.4757532477378845,0.39582306146621704,0.36588290333747864,0.32413631677627563,0.3483130633831024,0.2615825831890106,0.3651582598686218,0.5368677973747253,0.4664972424507141,0.5224829912185669,0.32219091057777405,0.47297993302345276,0.23069646954536438,0.4077877402305603,0.17516860365867615,0.6065710186958313,0.49509572982788086,0.6604871153831482,0.35902082920074463,0.6527936458587646,0.25998198986053467,0.6212048530578613,0.18789061903953552,0.6615561246871948,0.5471833944320679,0.7461833357810974,0.4673926532268524,0.7805883288383484,0.40105628967285156,0.7819125652313232,0.33865875005722046
F,0.4155724048614502,0.8262844085693359,0.26028937101364136,0.7688205242156982,0.1850389540195465,0.6762232780456543,0.1474219560623169,0.5749338865280151,0.129556804895401,0.4696182608604431,0.3473430275917053,0.5057108998298645,0.2695007026195526,0.38437485694885254,0.19441550970077515,0.38039129972457886,0.12406733632087708,0.40540948510169983,0.4500929117202759,0.49241918325424194,0.41343674063682556,0.3287031650543213,0.3407546877861023,0.2595619261264801,0.2542656660079956,0.23820826411247253,0.5423487424850464,0.516406238079071,0.5632725358009338,0.35089677572250366,0.5128995180130005,0.26198652386665344,0.44290974736213684,0.21145519614219666,0.6266252994537354,0.5637031197547913,0.6928178668022156,0.4455278515815735,0.691372811794281,0.36669617891311646,0.6527504324913025,0.2983289957046509
F,0.2256525307893753,0.6792634725570679,0.11309871077537537,0.530707836151123,0.08996133506298065,0.40209272503852844,0.08161298930644989,0.2987079918384552,0.09903964400291443,0.20835885405540466,0.32419049739837646,0.3494049310684204,0.2690465748310089,0.23662981390953064,0.19171778857707977,0.19315804541110992,0.12975174188613892,0.16671030223369598,0.3937576413154602,0.3354252278804779,0.3728703260421753,0.1793300062417984,0.3052152693271637,0.09007331728935242,0.23309925198554993,0.03045371174812317,0.446972131729126,0.33817681670188904,0.4728553593158722,0.19139526784420013,0.42666950821876526,0.09713464975357056,0.36890465021133423,0.026762306690216064,0.4816410541534424,0.3520689904689789,0.5496196746826172,0.249958798289299,0.5444310307502747,0.173322394490242,0.5057764649391174,0.10710254311561584
G,0.42026782035827637,0.7382422685623169,0.38202011585235596,0.6195409893989563,0.4238418638706207,0.5123805403709412,0.5007374882698059,0.4550507068634033,0.5658330917358398,0.41655904054641724,0.540142297744751,0.5271846652030945,0.6313589215278625,0.47083723545074463,0.7174153327941895,0.4386324882507324,0.7955203056335449,0.42155855894088745,0.5806280970573425,0.594150185585022,0.6675286293029785,0.551649272441864,0.5870336294174194,0.5941219925880432,0.5236250758171082,0.6307551264762878,0.6025500297546387,0.668474555015564,0.6759122610092163,0.6397550106048584,0.576834499835968,0.6775140762329102,0.5083240270614624,0.7055539488792419,0.6156737208366394,0.7467159628868103,0.6667039394378662,0.7160956263542175,0.5984718799591064,0.7293140888214111,0.5459239482879639,0.7442192435264587
G,0.4679241180419922,0.6817470788955688,0.4184424877166748,0.5740690231323242,0.4405388832092285,0.47178807854652405,0.5124614834785461,0.4124048352241516,0.5803502798080444,0.40536847710609436,0.5869380235671997,0.4771287441253662,0.7132793664932251,0.42048710584640503,0.7997514605522156,0.39297378063201904,0.8746364116668701,0.3699514865875244,0.6271093487739563,0.5341753959655762,0.7070605754852295,0.49253764748573303,0.6249285340309143,0.5348520278930664,0.5646237134933472,0.5635244846343994,0.6466375589370728,0.5989757776260376,0.7080861926078796,0.5723677277565002,0.607402503490448,0.6098094582557678,0.540274441242218,0.6342294812202454,0.6564353108406067,0.6672906279563904,0.6931479573249817,0.6483168601989746,0.6192607283592224,0.6685751080513,0.5655752420425415,0.6808466911315918
G,0.22155135869979858,0.6511615514755249,0.16003689169883728,0.514061450958252,0.21159499883651733,0.35022610425949097,0.31714576482772827,0.25780224800109863,0.42106449604034424,0.22451373934745789,0.4058099091053009,0.3080827295780182,0.5632624626159668,0.22520139813423157,0.6646844148635864,0.18884707987308502,0.7556722164154053,0.16778399050235748,0.4676567316055298,0.4012259244918823,0.5352739095687866,0.355830579996109,0.3988513946533203,0.43789345026016235,0.3158339858055115,0.493478387594223,0.5006501078605652,0.503826379776001,0.5390172004699707,0.4681554436683655,0.39559268951416016,0.5322356224060059,0.3190325200557709,0.5696835517883301,0.5169459581375122,0.6058273315429688,0.5394138097763062,0.5771335959434509,0.43508481979370117,0.6106951236724854,0.37829625606536865,0.6280918121337891
G,0.3502720594406128,0.8015104532241821,0.30074286460876465,0.7093393802642822,0.31069403886795044,0.5955598950386047,0.3711128830909729,0.5318747758865356,0.44085609912872314,0.5271417498588562,0.4416844844818115,0.5619727969169617,0.5330301523208618,0.5002918243408203,0.5917453765869141,0.46453821659088135,0.6476930975914001,0.43468669056892395,0.48862016201019287,0.6182407736778259,0.5284020900726318,0.5929477214813232,0.44875240325927734,0.6541719436645508,0.40253952145576477,0.6891379952430725,0.5176045298576355,0.6834610104560852,0.5425258874893188,0.6703424453735352,0.4573149085044861,0.7179702520370483,0.41225114464759827,0.741916835308075,0.5352591276168823,0.7497263550758362,0.5588685274124146,0.7340260744094849,0.49756717681884766,0.7611662149429321,0.4609692096710205,0.7740518450737
G,0.49963515996932983,0.6982975006103516,0.47404366731643677,0.5641684532165527,0.5221946835517883,0.45223838090896606,0.6051275134086609,0.3907162547111511,0.6767173409461975,0.37761977314949036,0.6776593923568726,0.44090819358825684,0.7952380180358887,0.37958067655563354,0.8568236231803894,0.3532281219959259,0.916409969329834,0.33607757091522217,0.7095896601676941,0.5109054446220398,0.7729741930961609,0.47132283449172974,0.6790058612823486,0.5213542580604553,0.6245285272598267,0.560006320476532,0.725320041179657,0.5855556726455688,0.7638696432113647,0.5604493021965027,0.6659225821495056,0.5960208773612976,0.6161980628967285,0.6189531087875366,0.730331540107727,0.6620534658432007,0.7652064561843872,0.6255391836166382,0.694205641746521,0.6424167156219482,0.656121015548706,0.6583256721496582
H,0.10359825193881989,0.6940274238586426,0.044263288378715515,0.6067065596580505,0.10396823287010193,0.46461328864097595,0.23764711618423462,0.43253618478775024,0.3601768910884857,0.4311472773551941,0.27010250091552734,0.37189340591430664,0.3954777717590332,0.2696875333786011,0.4980105459690094,0.2015003263950348,0.5950255393981934,0.15319693088531494,0.33550113439559937,0.4463445544242859,0.47792333364486694,0.3333781063556671,0.5884757041931152,0.25052422285079956,0.6947871446609497,0.18661051988601685,0.3477994501590729,0.5468409657478333,0.3975540101528168,0.4920231103897095,0.2585354447364807,0.5443916916847229,0.17377802729606628,0.5862540602684021,0.340146005153656,0.6551052927970886,0.3497309982776642,0.5982365608215332,0.2522282600402832,0.6201176643371582,0.18726429343223572,0.6486494541168213
H,0.08037003874778748,0.6368478536605835,0.02220974862575531,0.5549668669700623,0.07115866243839264,0.4368356764316559,0.17360951006412506,0.39562296867370605,0.2856445610523224,0.3846553564071655,0.2151416689157486,0.3391225039958954,0.33702442049980164,0.23466816544532776,0.43737566471099854,0.16959962248802185,0.5316932201385498,0.1192033588886261,0.2766917645931244,0.4108547270298004,0.4071936011314392,0.3054381012916565,0.5093843936920166,0.2277943193912506,0.6097115278244019,0.15798664093017578,0.2938375174999237,0.5046296715736389,0.3186452388763428,0.45797523856163025,0.19070026278495789,0.5000467896461487,0.11055251955986023,0.5401358604431152,0.28727447986602783,0.6014349460601807,0.2703359127044678,0.5614430904388428,0.17063049972057343,0.5803532600402832,0.10056351125240326,0.6028721332550049
H,0.3031170964241028,0.7764972448348999,0.24428081512451172,0.6547596454620361,0.3326888680458069,0.5258123874664307,0.488847017288208,0.5040833950042725,0.6335781812667847,0.5200640559196472,0.4405827522277832,0.41816115379333496,0.5650615096092224,0.32017308473587036,0.6792224049568176,0.2637845277786255,0.7836463451385498,0.22391340136528015,0.5295955538749695,0.4955245554447174,0.6620224714279175,0.4046103358268738,0.7662222385406494,0.33079928159713745,0.8630253076553345,0.26871851086616516,0.5725265741348267,0.5996149778366089,0.6709458827972412,0.5578744411468506,0.5275307893753052,0.6116770505905151,0.42641496658325195,0.6525880098342896,0.5829670429229736,0.7131279706954956,0.6223418116569519,0.6724005341529846,0.5062898993492126,0.7048699855804443,0.4184505045413971,0.7275640964508057
H,0.4187663495540619,0.6758184432983398,0.36921441555023193,0.6000391840934753,0.40415331721305847,0.5095856189727783,0.49973952770233154,0.5080327987670898,0.5922180414199829,0.5121358633041382,0.5465330481529236,0.4372931718826294,0.6414729952812195,0.3679250478744507,0.7115190029144287,0.32560068368911743,0.7759244441986084,0.2951546311378479,0.5969474911689758,0.49111902713775635,0.6983222961425781,0.41187071800231934,0.765005350112915,0.3659273386001587,0.8281505107879639,0.33219924569129944,0.6132988333702087,0.5617945194244385,0.629562258720398,0.538524329662323,0.5465417504310608,0.5734339356422424,0.5061495900154114,0.5954474806785583,0.6113497018814087,0.6350753903388977,0.600447952747345,0.6073733568191528,0.5390570759773254,0.6248981952667236,0.5016152262687683,0.6419904232025146
H,0.32993805408477783,0.5991625785827637,0.32275962829589844,0.48977312445640564,0.3813261389732361,0.3882451057434082,0.48790958523750305,0.37518924474716187,0.573884904384613,0.4131380319595337,0.4979006350040436,0.3409837484359741,0.5938887000083923,0.26432690024375916,0.6630315780639648,0.21565744280815125,0.7235316038131714,0.17954930663108826,0.5448264479637146,0.3947747051715851,0.6631338000297546,0.30888131260871887,0.7345755100250244,0.23722413182258606,0.7949420213699341,0.18872366845607758,0.5602920055389404,0.46974480152130127,0.6077001690864563,0.4254077672958374,0.5093793869018555,0.45499613881111145,0.44591665267944336,0.48846933245658875,0.5612984299659729,0.5521667003631592,0.5741965174674988,0.5010150074958801,0.500462532043457,0.5101817846298218,0.4488523602485657,0.5357122421264648
I,0.6882368326187134,0.7180637717247009,0.5416744947433472,0.6707419157028198,0.4379386305809021,0.5233486890792847,0.5032867789268494,0.37425902485847473,0.6097052097320557,0.32850319147109985,0.48178136348724365,0.42088350653648376,0.4909095764160156,0.30296584963798523,0.5254305601119995,0.41061660647392273,0.5269871354103088,0.47630858421325684,0.5775059461593628,0.3951047360897064,0.5924623012542725,0.2998872399330139,0.607875645160675,0.4330126643180847,0.599053680896759,0.5109886527061462,0.6740565896034241,0.3894706666469574,0.682826042175293,0.2933220863342285,0.6792160868644714,0.4248935580253601,0.6751728057861328,0.5011039972305298,0.7616379857063293,0.398259699344635,0.7483916282653809,0.26436159014701843,0.7281399965286255,0.180167555809021,0.7121690511703491,0.08679237961769104
I,0.6900008320808411,0.7519938945770264,0.5380967259407043,0.687039852142334,0.42745381593704224,0.5258144736289978,0.5172346234321594,0.39609214663505554,0.650780200958252,0.3613721430301666,0.5137325525283813,0.40450310707092285,0.49729979038238525,0.3126106858253479,0.5172736644744873,0.4250088632106781,0.533599853515625,0.48162078857421875,0.6114912033081055,0.3927091956138611,0.6022540926933289,0.3087925314903259,0.6007673144340515,0.46163636445999146,0.6084876656532288,0.5367105603218079,0.7038215398788452,0.3945291042327881,0.7001018524169922,0.31802716851234436,0.671558141708374,0.4716672897338867,0.6768673062324524,0.5479962229728699,0.7934231162071228,0.4131053388118744,0.7894750833511353,0.2697286605834961,0.7546074986457825,0.1939467191696167,0.741284966468811,0.1113576591014862
I,0.3345276713371277,0.6933178901672363,0.22587385773658752,0.6387099027633667,0.16661012172698975,0.5433539748191833,0.2136559784412384,0.4525454342365265,0.29457056522369385,0.4343447685241699,0.21605123579502106,0.4594344198703766,0.21688663959503174,0.3845573663711548,0.2309752255678177,0.4581912159919739,0.2244379222393036,0.5032734870910645,0.2802067697048187,0.4479531943798065,0.2744206190109253,0.3812367916107178,0.2753225564956665,0.46969300508499146,0.2661237418651581,0.5249465703964233,0.34315821528434753,0.4483358561992645,0.3391207456588745,0.39540326595306396,0.3313506543636322,0.4859895706176758,0.3262050747871399,0.5375493168830872,0.40370768308639526,0.46059471368789673,0.39626532793045044,0.36156976222991943,0.38255923986434937,0.3085668087005615,0.3742716908454895,0.251396119594574
I,0.3938084542751312,0.6779117584228516,0.29633694887161255,0.6316929459571838,0.24008092284202576,0.5380440950393677,0.2865086495876312,0.434664249420166,0.36677342653274536,0.38280606269836426,0.22694317996501923,0.45867323875427246,0.2428957223892212,0.36762139201164246,0.27763447165489197,0.4372144639492035,0.2766707241535187,0.4838435649871826,0.2982087731361389,0.4394402503967285,0.31730523705482483,0.3536951541900635,0.3463006317615509,0.44659149646759033,0.3452049493789673,0.507423996925354,0.366911917924881,0.4275815784931183,0.3872165381908417,0.3662448525428772,0.3979741930961609,0.4588298201560974,0.3929138779640198,0.5153237581253052,0.4277987480163574,0.42616480588912964,0.4167262613773346,0.3336159586906433,0.40745726227760315,0.2776103615760803,0.3992658257484436,0.21728241443634033
I,0.46905338764190674,0.9092105031013489,0.3846758008003235,0.8892819881439209,0.3357538878917694,0.8028508424758911,0.3983244299888611,0.7141921520233154,0.4680761694908142,0.6794511675834656,0.36616629362106323,0.6769223213195801,0.36822310090065,0.5788811445236206,0.3851315379142761,0.6531519293785095,0.3856312334537506,0.7064701318740845,0.4328272044658661,0.6665117740631104,0.44629132747650146,0.5630847811698914,0.4524087905883789,0.6520764827728271,0.44090399146080017,0.7061673998832703,0.5023317337036133,0.671741783618927,0.518250048160553,0.5860874652862549,0.5035731196403503,0.6723743081092834,0.4836607873439789,0.7216014862060547,0.5679097771644592,0.691619336605072,0.5907222628593445,0.6057586669921875,0.6056636571884155,0.5713207721710205,0.6156924366950989,0.5207740068435669
K,0.49838027358055115,0.8859968185424805,0.4150539040565491,0.8221153020858765,0.41652005910873413,0.7021774053573608,0.4966578483581543,0.6019485592842102,0.5650424957275391,0.512320876121521,0.3948371708393097,0.5849702954292297,0.36220550537109375,0.4459807276725769,0.34714391827583313,0.3551265597343445,0.34281936287879944,0.2731131911277771,0.48364323377609253,0.5984212756156921,0.5141965746879578,0.44821518659591675,0.5358380675315857,0.3460143208503723,0.5628353357315063,0.25461938977241516,0.5601047277450562,0.6492608785629272,0.5863752961158752,0.5869796276092529,0.5451331734657288,0.6864802241325378,0.522802472114563,0.7489697933197021,0.6249527931213379,0.7146477699279785,0.6428608894348145,0.6570402979850769,0.5959729552268982,0.7285376191139221,0.5635409355163574,0.788631021976471
K,0.4930048882961273,0.8794078826904297,0.4042860269546509,0.8184569478034973,0.4049919545650482,0.6983174681663513,0.492366224527359,0.5995898246765137,0.5633014440536499,0.5098425149917603,0.38669565320014954,0.5706905722618103,0.3493849039077759,0.4360528886318207,0.3304380774497986,0.3471452593803406,0.32151126861572266,0.2667979896068573,0.47777968645095825,0.5830162763595581,0.514441967010498,0.4295447766780853,0.5465080738067627,0.3318164348602295,0.5831739902496338,0.2392510175704956,0.5534306764602661,0.6372346878051758,0.5856677889823914,0.5763594508171082,0.5432510375976562,0.6765279173851013,0.518120288848877,0.735776424407959,0.6173328161239624,0.7029496431350708,0.6349564790725708,0.6495579481124878,0.5852661728858948,0.7237284183502197,0.5497802495956421,0.7822330594062805
K,0.7255426645278931,0.7227461934089661,0.6428589224815369,0.6444406509399414,0.628258466720581,0.5036845207214355,0.7077409029006958,0.4000442326068878,0.7865335941314697,0.332803875207901,0.6448696255683899,0.4037010669708252,0.6168981790542603,0.257891446352005,0.6069318056106567,0.16934356093406677,0.6066102981567383,0.08939754962921143,0.7295860648155212,0.41074034571647644,0.7715709209442139,0.2586590051651001,0.7956300377845764,0.15885241329669952,0.824520468711853,0.07481765747070312,0.7974686026573181,0.46055951714515686,0.816162109375,0.3886139690876007,0.7647584080696106,0.48578986525535583,0.7447075843811035,0.5583587884902954,0.8566024899482727,0.5207282304763794,0.8541228175163269,0.4634224474430084,0.8042916655540466,0.5371376872062683,0.7760457396507263,0.5996683835983276
K,0.4790329337120056,0.8233464956283569,0.37247908115386963,0.7343325614929199,0.3576608896255493,0.5881390571594238,0.4582757353782654,0.47438305616378784,0.5562700033187866,0.4136742949485779,0.36365896463394165,0.4905179440975189,0.33822154998779297,0.3316224217414856,0.33040857315063477,0.2272070050239563,0.331880658864975,0.13664066791534424,0.4620991349220276,0.5003745555877686,0.49808886647224426,0.3382483124732971,0.5218925476074219,0.22294074296951294,0.549508810043335,0.12442219257354736,0.5423669815063477,0.5497850179672241,0.5617125034332275,0.4666233956813812,0.5081678628921509,0.5677363872528076,0.48726686835289,0.6436272859573364,0.6111140251159668,0.6091781854629517,0.6129322648048401,0.5461732745170593,0.5597214698791504,0.6249003410339355,0.5293543338775635,0.6846776008605957
K,0.6427964568138123,0.809566080570221,0.5698651075363159,0.7748931050300598,0.5630189776420593,0.6826762557029724,0.625784695148468,0.5954425930976868,0.6808065176010132,0.5181422829627991,0.5491222143173218,0.5687884092330933,0.52442467212677,0.43696892261505127,0.5124907493591309,0.3463395833969116,0.5116434097290039,0.2719065845012665,0.6265171766281128,0.5737951397895813,0.6481208801269531,0.429218053817749,0.6652190685272217,0.3336085081100464,0.6861630082130432,0.2508436143398285,0.6912815570831299,0.6135929822921753,0.7255526781082153,0.5609213709831238,0.693263590335846,0.6554016470909119,0.6720525026321411,0.7220581769943237,0.7467616200447083,0.665878176689148,0.7688286900520325,0.6343186497688293,0.7316334247589111,0.7020186185836792,0.6975206136703491,0.7604802846908569
L,0.7906549572944641,0.7339723110198975,0.6357685923576355,0.7481083869934082,0.49343425035476685,0.6778543591499329,0.3839535713195801,0.6088516712188721,0.2804429829120636,0.5616253614425659,0.5735824704170227,0.4613533318042755,0.5583891272544861,0.299986869096756,0.5681967735290527,0.1984395682811737,0.5810307264328003,0.11458641290664673,0.6720339059829712,0.4497070908546448,0.6998599767684937,0.37330731749534607,0.7190717458724976,0.5005930662155151,0.7172539234161377,0.5802794694900513,0.7616015672683716,0.4616473317146301,0.795734703540802,0.41707751154899597,0.7973621487617493,0.5360225439071655,0.7858548164367676,0.6053969860076904,0.8419856429100037,0.48574328422546387,0.8648359775543213,0.43822264671325684,0.8615375757217407,0.5249212384223938,0.8516261577606201,0.5820544362068176
L,0.7639869451522827,0.5927990674972534,0.606325089931488,0.6077134013175964,0.45125219225883484,0.5444504022598267,0.3351995646953583,0.48092007637023926,0.2350763976573944,0.4477010667324066,0.5150768756866455,0.3317963778972626,0.4863440990447998,0.17005296051502228,0.48116809129714966,0.08039112389087677,0.48302823305130005,0.011228561401367188,0.614946186542511,0.306837260723114,0.6354061365127563,0.2267175018787384,0.6660851240158081,0.35098153352737427,0.6749268770217896,0.4353410601615906,0.7102982997894287,0.3083832561969757,0.7376603484153748,0.2550796866416931,0.7512420415878296,0.3733524978160858,0.7495041489601135,0.4473145604133606,0.8007874488830566,0.3244253098964691,0.8148487210273743,0.2669094204902649,0.8160335421562195,0.35310742259025574,0.8103160858154297,0.41575053334236145
L,0.7224310636520386,0.8869812488555908,0.5580273270606995,0.9286820888519287,0.3929590582847595,0.85188227891922,0.2705867290496826,0.7777833938598633,0.15708383917808533,0.734695553779602,0.4665430784225464,0.6164762377738953,0.4365391433238983,0.4516083598136902,0.43656933307647705,0.3484983444213867,0.44094210863113403,0.2622529864311218,0.5689560174942017,0.5904231667518616,0.5956617593765259,0.5166537761688232,0.632000207901001,0.6479639410972595,0.6386081576347351,0.7368835210800171,0.6676387786865234,0.5925907492637634,0.7058694362640381,0.5495014786720276,0.7217898368835449,0.6804993152618408,0.714643120765686,0.7662941813468933,0.7569416761398315,0.6129311323165894,0.784371018409729,0.57319176197052,0.7890436053276062,0.6685653328895569,0.7804341316223145,0.7385774254798889
L,0.825153648853302,0.8370835781097412,0.6122872233390808,0.8660537600517273,0.4353492259979248,0.7907524704933167,0.31013941764831543,0.695144772529602,0.1888401210308075,0.6232672929763794,0.5376118421554565,0.493187814950943,0.5065730214118958,0.27457547187805176,0.5067756772041321,0.14876627922058105,0.5149412155151367,0.045556098222732544,0.6691606640815735,0.4808202087879181,0.6794710755348206,0.36055272817611694,0.7104403972625732,0.5261125564575195,0.727455198764801,0.6487102508544922,0.789808988571167,0.48925572633743286,0.8175426721572876,0.41762158274650574,0.8227299451828003,0.577833890914917,0.8202093839645386,0.6879469752311707,0.905246376991272,0.5061970949172974,0.9253066778182983,0.43761470913887024,0.9173372387886047,0.5556600093841553,0.9035691022872925,0.6423569321632385
L,0.3348219096660614,0.8403293490409851,0.22698135673999786,0.8310223817825317,0.1349761188030243,0.7786495685577393,0.07267382740974426,0.7305472493171692,0.03149661421775818,0.6933343410491943,0.2098671793937683,0.6360284090042114,0.1989879459142685,0.5249468684196472,0.20541687309741974,0.4577401280403137,0.21529150009155273,0.40314388275146484,0.2730622887611389,0.6324366927146912,0.2681598961353302,0.5602241158485413,0.27596643567085266,0.6468918919563293,0.279956579208374,0.7111368179321289,0.331878662109375,0.6440978646278381,0.3333102762699127,0.5916364192962646,0.3264744281768799,0.675225019454956,0.3213830888271332,0.7304996848106384,0.3896031379699707,0.6662263870239258,0.38672712445259094,0.6209669709205627,0.37045180797576904,0.6774388551712036,0.3600074052810669,0.7199253439903259
M,0.4818340241909027,0.507932186126709,0.5094040036201477,0.6482808589935303,0.49229833483695984,0.7120364904403687,0.47010448575019836,0.7654274106025696,0.44483426213264465,0.7957421541213989,0.5078765749931335,0.4630246162414551,0.46609342098236084,0.5491698980331421,0.43229416012763977,0.6466353535652161,0.4055059254169464,0.7316721081733704,0.4916306138038635,0.36440739035606384,0.440647155046463,0.46801507472991943,0.3979565501213074,0.6014726758003235,0.35688984394073486,0.7088700532913208,0.46125006675720215,0.31971386075019836,0.4197874367237091,0.417687326669693,0.37676581740379333,0.5637070536613464,0.3317457437515259,0.6781829595565796,0.422681987285614,0.31951889395713806,0.3960610628128052,0.38532915711402893,0.3673980236053467,0.489362895488739,0.33800432085990906,0.5739060640335083
M,0.4200279414653778,0.5773475766181946,0.42811232805252075,0.6547638773918152,0.41888830065727234,0.6753860116004944,0.4032227694988251,0.69553542137146,0.3864918351173401,0.6982811689376831,0.41882774233818054,0.4059200584888458,0.39558616280555725,0.42197495698928833,0.36213037371635437,0.49689510464668274,0.33389171957969666,0.5627468824386597,0.41600215435028076,0.34591934084892273,0.3833977282047272,0.4020553231239319,0.34147223830223083,0.5165273547172546,0.3108610510826111,0.5938878655433655,0.405802845954895,0.3449842929840088,0.3861619532108307,0.4150175452232361,0.34735339879989624,0.5359607934951782,0.3104441165924072,0.6120411157608032,0.39446255564689636,0.37930160760879517,0.38046911358833313,0.42114782333374023,0.35357770323753357,0.49963682889938354,0.33345353603363037,0.5492866635322571
M,0.6802895665168762,0.6261860132217407,0.5995175838470459,0.6858527660369873,0.535551905632019,0.7115486264228821,0.5377151966094971,0.7379066944122314,0.5488746762275696,0.7171511054039001,0.5014020204544067,0.48776423931121826,0.4874795079231262,0.4870396852493286,0.5036249756813049,0.5589431524276733,0.514292299747467,0.6203954219818115,0.6029025316238403,0.4224720001220703,0.6064075231552124,0.43088477849960327,0.6101596355438232,0.534194827079773,0.5930659770965576,0.6079891324043274,0.7012866735458374,0.4029098153114319,0.7020759582519531,0.4101165235042572,0.6760398149490356,0.5289682745933533,0.6290926337242126,0.6150637865066528,0.7824131846427917,0.42218536138534546,0.7963190674781799,0.4157858192920685,0.7623847723007202,0.4839564561843872,0.7136583924293518,0.5371859073638916
M,0.48216575384140015,0.5493654608726501,0.5816934108734131,0.6114708185195923,0.596959114074707,0.6397448182106018,0.5784385204315186,0.7085688710212708,0.5335446000099182,0.7563934922218323,0.5245765447616577,0.33033323287963867,0.4995555579662323,0.4175446629524231,0.487903356552124,0.5367134809494019,0.4844290614128113,0.6406157612800598,0.4288746118545532,0.2755090892314911,0.38603025674819946,0.40406784415245056,0.37280887365341187,0.5712379217147827,0.36328423023223877,0.6862166523933411,0.33924365043640137,0.2939729690551758,0.296908438205719,0.42816680669784546,0.29236388206481934,0.5955657362937927,0.2810630798339844,0.7100467681884766,0.2618356943130493,0.3583424985408783,0.22506794333457947,0.47531118988990784,0.23347294330596924,0.5951625108718872,0.24635840952396393,0.681547999382019
M,0.59566730260849,0.34328240156173706,0.4577498733997345,0.3644729554653168,0.40310022234916687,0.37820401787757874,0.4280858337879181,0.41299596428871155,0.5017211437225342,0.4399218261241913,0.4065873622894287,0.2603585124015808,0.3879760503768921,0.28102952241897583,0.38888928294181824,0.2924196422100067,0.4073835611343384,0.3040970265865326,0.5083342790603638,0.23468291759490967,0.523722231388092,0.2952033579349518,0.5558577179908752,0.40548092126846313,0.5893527865409851,0.4917490482330322,0.6230937242507935,0.24946099519729614,0.6500852704048157,0.34405338764190674,0.6574963927268982,0.4815016984939575,0.6699248552322388,0.5866652131080627,0.7303113341331482,0.2761802077293396,0.7348494529724121,0.3816266655921936,0.7247330546379089,0.49130550026893616,0.721919059753418,0.5816563963890076
N,0.5030606985092163,0.6258997321128845,0.3755507469177246,0.46194061636924744,0.3145972192287445,0.40744608640670776,0.324900358915329,0.49370843172073364,0.3702390491962433,0.5829830169677734,0.50130295753479,0.3406248986721039,0.5359006524085999,0.37553900480270386,0.5340079069137573,0.45523273944854736,0.5293081998825073,0.5392430424690247,0.602860152721405,0.4412820637226105,0.6546801328659058,0.5123036503791809,0.6409072875976562,0.5960049033164978,0.6221173405647278,0.6699150800704956,0.6622016429901123,0.5544880032539368,0.6652812957763672,0.58781498670578,0.6371761560440063,0.680910587310791,0.6081637144088745,0.7569118738174438,0.6862517595291138,0.6812862157821655,0.6682555675506592,0.683080792427063,0.645408570766449,0.7280306816101074,0.6304694414138794,0.7821943759918213
N,0.5719584226608276,0.3118365705013275,0.40367549657821655,0.2968410849571228,0.3144305348396301,0.28746548295021057,0.342136949300766,0.3860832452774048,0.44046902656555176,0.42891258001327515,0.45861420035362244,0.10132536292076111,0.44482681155204773,0.37456637620925903,0.4388197660446167,0.5438629984855652,0.4449436664581299,0.6416168212890625,0.6247493624687195,0.12816904485225677,0.5994850397109985,0.4130721092224121,0.5515261888504028,0.5707659721374512,0.5260340571403503,0.6241706609725952,0.7470621466636658,0.1923869252204895,0.717485249042511,0.462600976228714,0.6368047595024109,0.583176851272583,0.5942263007164001,0.5988755226135254,0.8321878910064697,0.27423006296157837,0.7958318591117859,0.4756106436252594,0.7317028641700745,0.5467314720153809,0.6814402937889099,0.5554476976394653
N,0.6056612133979797,0.5298744440078735,0.5035350322723389,0.5786834359169006,0.41800040006637573,0.6020545959472656,0.4205206036567688,0.6481839418411255,0.49122530221939087,0.6671377420425415,0.4691687524318695,0.4209648370742798,0.48878008127212524,0.5143085718154907,0.5175879001617432,0.6093123555183411,0.5491834282875061,0.6692239046096802,0.5747218728065491,0.3863431513309479,0.6034725904464722,0.5027775168418884,0.6278170347213745,0.6178878545761108,0.6475308537483215,0.6869305968284607,0.6723777055740356,0.3859500586986542,0.6883680820465088,0.4995808005332947,0.6969866752624512,0.5986015796661377,0.6988298296928406,0.6428238153457642,0.7530663013458252,0.41104447841644287,0.7700617909431458,0.4939846992492676,0.7519134879112244,0.5505762100219727,0.7392493486404419,0.5661053657531738
N,0.6489329934120178,0.4349423944950104,0.5415504574775696,0.5140538215637207,0.4659477174282074,0.569932758808136,0.4426294267177582,0.6220941543579102,0.4416569769382477,0.6790830492973328,0.38795387744903564,0.2881492078304291,0.3254113793373108,0.40089794993400574,0.30116450786590576,0.506033182144165,0.2859175503253937,0.6054849028587341,0.4950646758079529,0.2101399302482605,0.4427538514137268,0.44705599546432495,0.44199949502944946,0.6338145732879639,0.4456079304218292,0.7645566463470459,0.6219549179077148,0.20885992050170898,0.6053081154823303,0.4706953763961792,0.5894627571105957,0.5541984438896179,0.5842977166175842,0.5724247694015503,0.7492741942405701,0.25328338146209717,0.7325056195259094,0.4607723653316498,0.7114023566246033,0.5093331336975098,0.7009597420692444,0.5047187209129333
N,0.5259530544281006,0.5723287463188171,0.4913448989391327,0.6511173844337463,0.48162558674812317,0.7311286330223083,0.47804173827171326,0.789630651473999,0.47766047716140747,0.8336332440376282,0.5360649228096008,0.7638499736785889,0.5259266495704651,0.8298901319503784,0.5036076903343201,0.8686718940734863,0.48093512654304504,0.8947659730911255,0.5341005325317383,0.7543114423751831,0.5150159001350403,0.8241474032402039,0.4882655143737793,0.8610351085662842,0.4644915759563446,0.8772183656692505,0.519312858581543,0.7360417246818542,0.4967055916786194,0.8050907850265503,0.4680004417896271,0.840458333492279,0.4497450888156891,0.8604772090911865,0.49702656269073486,0.7133920192718506,0.47227999567985535,0.7676276564598083,0.4543955326080322,0.7999139428138733,0.44691744446754456,0.8219378590583801
O,0.6237375736236572,0.7231415510177612,0.4927612543106079,0.6936511993408203,0.37197014689445496,0.5982439517974854,0.30141255259513855,0.49945783615112305,0.30787891149520874,0.40148285031318665,0.5090065598487854,0.3801638185977936,0.4421120584011078,0.2250259816646576,0.35564953088760376,0.25769317150115967,0.31265461444854736,0.3231022357940674,0.5612195730209351,0.3557415008544922,0.4895208775997162,0.18437141180038452,0.3889877200126648,0.23613980412483215,0.3484395742416382,0.3168116807937622,0.6127992868423462,0.35796403884887695,0.5434349775314331,0.1869935542345047,0.4351028501987457,0.23279249668121338,0.3846687972545624,0.31239116191864014,0.6621793508529663,0.3738059401512146,0.5852952003479004,0.23842383921146393,0.4891751706600189,0.24574121832847595,0.4256764054298401,0.29741206765174866
O,0.4718296527862549,0.7936413884162903,0.34615251421928406,0.7744516134262085,0.243205726146698,0.6859962940216064,0.18096114695072174,0.6040751934051514,0.1505257785320282,0.5104793906211853,0.4067768454551697,0.4895511567592621,0.32470783591270447,0.3771502375602722,0.22998185455799103,0.3886722922325134,0.16613125801086426,0.43975260853767395,0.45282816886901855,0.45878469944000244,0.3498712480068207,0.32561224699020386,0.23024782538414001,0.3560875952243805,0.1631193459033966,0.421165406703949,0.49325069785118103,0.45112234354019165,0.3873656690120697,0.3122972846031189,0.26630932092666626,0.35061517357826233,0.19581423699855804,0.41930219531059265,0.5237354040145874,0.4621254503726959,0.4264377951622009,0.35276854038238525,0.3319845497608185,0.3675151765346527,0.2605442404747009,0.41681355237960815
O,0.2576729655265808,0.6399803161621094,0.1458178609609604,0.5444015860557556,0.11461272835731506,0.437484472990036,0.08929640054702759,0.33728083968162537,0.0853627622127533,0.23441079258918762,0.39245277643203735,0.35354411602020264,0.32561907172203064,0.198684424161911,0.20604193210601807,0.16748657822608948,0.11224278807640076,0.17368382215499878,0.4342418611049652,0.3440564274787903,0.34881195425987244,0.1503082513809204,0.2098422348499298,0.12413251399993896,0.10827264189720154,0.1470576673746109,0.43650269508361816,0.3484894037246704,0.35802626609802246,0.15392424166202545,0.22891385853290558,0.12261141836643219,0.133346825838089,0.14422635734081268,0.4061351716518402,0.3545190989971161,0.3389698565006256,0.2053823471069336,0.2559846043586731,0.1590738296508789,0.18257686495780945,0.15532784163951874
O,0.32735198736190796,0.9722495079040527,0.22260133922100067,0.9352239966392517,0.16166123747825623,0.8589277863502502,0.13468365371227264,0.7881630659103394,0.12639634311199188,0.7094895243644714,0.2689003050327301,0.7457141280174255,0.2398817092180252,0.6597041487693787,0.18475481867790222,0.6619362235069275,0.14763078093528748,0.6893361806869507,0.308376669883728,0.7266212701797485,0.27416443824768066,0.6200158596038818,0.2057240605354309,0.6253037452697754,0.16763147711753845,0.6627492904663086,0.3398696780204773,0.7264317274093628,0.310628205537796,0.6183469295501709,0.2378571629524231,0.6215888261795044,0.1929129958152771,0.6569735407829285,0.36245113611221313,0.7389035820960999,0.327959269285202,0.6558353900909424,0.27340754866600037,0.6395176649093628,0.22944888472557068,0.6499069929122925
O,0.5989153385162354,0.4502471685409546,0.469014972448349,0.4100571572780609,0.38594532012939453,0.3146161735057831,0.3506206274032593,0.2179727703332901,0.3636161684989929,0.12826931476593018,0.5047909021377563,0.19466885924339294,0.45003506541252136,0.08519361168146133,0.3935866355895996,0.08288154751062393,0.3612824082374573,0.10440803319215775,0.556663990020752,0.1701478362083435,0.49222445487976074,0.05063990503549576,0.42319393157958984,0.05011949688196182,0.3840254247188568,0.07888077199459076,0.6114470958709717,0.16257523000240326,0.5461317896842957,0.04021283984184265,0.4747909903526306,0.04491131752729416,0.43097996711730957,0.08373641222715378,0.6756149530410767,0.16543693840503693,0.626697301864624,0.05344351381063461,0.5592532753944397,0.037234365940093994,0.5026811957359314,0.06272277235984802
P,0.24515052139759064,0.3780839741230011,0.27454572916030884,0.4649182856082916,0.3576420247554779,0.5171646475791931,0.4476735591888428,0.5552029609680176,0.5560198426246643,0.5952536463737488,0.45659497380256653,0.2950506806373596,0.6293085813522339,0.30159518122673035,0.7244268655776978,0.3457573652267456,0.7760007381439209,0.3788032829761505,0.48789265751838684,0.27023887634277344,0.6369516849517822,0.34694939851760864,0.6501641273498535,0.4605346918106079,0.6138349771499634,0.5352491736412048,0.5102147459983826,0.28005579113960266,0.6296387910842896,0.3443979322910309,0.6376345753669739,0.4417630434036255,0.6077095866203308,0.5083059072494507,0.5291567444801331,0.30296123027801514,0.6150532960891724,0.3165203630924225,0.640866219997406,0.35550418496131897,0.6415625810623169,0.3876195549964905
P,0.25755757093429565,0.27681002020835876,0.3008519113063812,0.36717572808265686,0.3936689496040344,0.400638610124588,0.49538302421569824,0.42977580428123474,0.5993606448173523,0.46461841464042664,0.485008180141449,0.17018932104110718,0.6694169640541077,0.1615043580532074,0.7716904878616333,0.1727658361196518,0.8500348925590515,0.17736729979515076,0.49818170070648193,0.14080551266670227,0.6492658257484436,0.2411315143108368,0.6542085409164429,0.36277925968170166,0.6219530701637268,0.43030115962028503,0.5014563202857971,0.14168794453144073,0.636367917060852,0.22371602058410645,0.6309955716133118,0.31477344036102295,0.5914124250411987,0.3593630790710449,0.5047929883003235,0.162344828248024,0.6134346127510071,0.18466217815876007,0.6394612193107605,0.23222215473651886,0.636292576789856,0.2561016380786896
P,0.1027870923280716,0.6688991785049438,0.14365296065807343,0.7733891010284424,0.2376767098903656,0.8114709258079529,0.3337741494178772,0.8420840501785278,0.4276008903980255,0.8743126392364502,0.3149796724319458,0.6406010985374451,0.4834701418876648,0.6412959098815918,0.6004233360290527,0.652519166469574,0.6940144300460815,0.6598954796791077,0.34316378831863403,0.5860047340393066,0.5118520855903625,0.6009536981582642,0.63237065076828,0.6255064606666565,0.7248773574829102,0.6367749571800232,0.3549356460571289,0.5673690438270569,0.4826289415359497,0.6173464059829712,0.4941384196281433,0.6834231615066528,0.48467954993247986,0.7231626510620117,0.3608121871948242,0.5668745040893555,0.44862377643585205,0.6078867316246033,0.4604506492614746,0.6581578254699707,0.45733436942100525,0.6942590475082397
P,0.1670599728822708,0.4791247248649597,0.1898992657661438,0.5699355006217957,0.2632719874382019,0.6234776377677917,0.3438819646835327,0.6687537431716919,0.4463258385658264,0.6994127035140991,0.3851921856403351,0.4154849648475647,0.5412993431091309,0.39576125144958496,0.6576145887374878,0.38811182975769043,0.7441549301147461,0.3762923777103424,0.4051821827888489,0.40603744983673096,0.5337821841239929,0.49419164657592773,0.5175271034240723,0.6046874523162842,0.4654906988143921,0.6595829725265503,0.42066696286201477,0.4189028739929199,0.5229625701904297,0.5068966746330261,0.5018420219421387,0.5968359112739563,0.4512203335762024,0.6367660760879517,0.4357486367225647,0.43715256452560425,0.5023050308227539,0.4848066568374634,0.5165011286735535,0.5415740013122559,0.5077268481254578,0.5722559690475464
P,0.4099941551685333,0.41277557611465454,0.4532567262649536,0.43897873163223267,0.5499762296676636,0.4745643734931946,0.6635715365409851,0.5154426097869873,0.746746301651001,0.5383985042572021,0.6342442035675049,0.2688331604003906,0.7957631349563599,0.24243202805519104,0.8794583082199097,0.2355063110589981,0.9472798109054565,0.22822001576423645,0.6602610945701599,0.2793557941913605,0.8097900748252869,0.3490932881832123,0.8045809268951416,0.44527360796928406,0.7650781273841858,0.5032082796096802,0.6754297614097595,0.31092578172683716,0.7958391904830933,0.38272327184677124,0.7786130905151367,0.4627246558666229,0.7398302555084229,0.5095672607421875,0.6832839846611023,0.3525395393371582,0.7621104717254639,0.3635368049144745,0.8035468459129333,0.3921627402305603,0.8278166055679321,0.41149333119392395
Q,0.10511477291584015,0.7293103933334351,0.1533135622739792,0.7570135593414307,0.21877220273017883,0.765703558921814,0.2863669693470001,0.7809351086616516,0.34889841079711914,0.8146389722824097,0.26096493005752563,0.6268537640571594,0.3658207654953003,0.6714999675750732,0.424307644367218,0.7164140939712524,0.4635094404220581,0.7538584470748901,0.27478960156440735,0.5988273620605469,0.3935850262641907,0.6539433598518372,0.4530099332332611,0.7116668224334717,0.47833937406539917,0.7605835199356079,0.2818482220172882,0.597927451133728,0.3918241262435913,0.6397181749343872,0.44744113087654114,0.6987255215644836,0.47469550371170044,0.7449430823326111,0.2855871319770813,0.6087954044342041,0.3648536205291748,0.6307735443115234,0.40732812881469727,0.6667611598968506,0.43483874201774597,0.6996250748634338
Q,0.24779126048088074,0.6497682929039001,0.2923367917537689,0.735828697681427,0.3800414800643921,0.7868775129318237,0.46855998039245605,0.8335303664207458,0.568615198135376,0.8812155723571777,0.44945013523101807,0.5162613391876221,0.6192125678062439,0.5545855164527893,0.7076740860939026,0.6069661378860474,0.7717651128768921,0.648074746131897,0.4767196476459503,0.47572165727615356,0.6566685438156128,0.5231416821479797,0.677783727645874,0.6078360080718994,0.663776159286499,0.6587768793106079,0.49769601225852966,0.47497838735580444,0.646030843257904,0.5222568511962891,0.6400306820869446,0.5944695472717285,0.6093469858169556,0.633892834186554,0.5127789378166199,0.4997384548187256,0.6190633773803711,0.5353096723556519,0.6238080263137817,0.5839107036590576,0.6088496446609497,0.6143772602081299
Q,0.2812002897262573,0.6084928512573242,0.31657347083091736,0.7001912593841553,0.4038185477256775,0.7491071224212646,0.5041717886924744,0.8069131374359131,0.5878962874412537,0.8668081164360046,0.4789532423019409,0.5594947934150696,0.6285973787307739,0.5590941905975342,0.7166054248809814,0.604427695274353,0.7760858535766602,0.6483150720596313,0.5076667070388794,0.5331037044525146,0.6629882454872131,0.5488921403884888,0.6395648717880249,0.613095223903656,0.5970809459686279,0.6487075686454773,0.5297347903251648,0.5342113375663757,0.6688702702522278,0.5436772108078003,0.636214017868042,0.6022526621818542,0.6009048223495483,0.6337311267852783,0.5468077063560486,0.5466753244400024,0.6438168883323669,0.5493361353874207,0.6474606990814209,0.5941317677497864,0.6361614465713501,0.6247131824493408
Q,0.26748329401016235,0.6525106430053711,0.32612019777297974,0.727435290813446,0.40466952323913574,0.7617031931877136,0.4871571660041809,0.8031669855117798,0.5704602003097534,0.8397418856620789,0.4675118625164032,0.5183120369911194,0.6072372794151306,0.5442898273468018,0.6855056285858154,0.582480788230896,0.7447091341018677,0.6157045960426331,0.4867555499076843,0.4879358112812042,0.63431316614151,0.5306830406188965,0.7072634696960449,0.5974456071853638,0.7422224283218384,0.6561694741249084,0.49764013290405273,0.49187779426574707,0.638617753982544,0.5327665209770203,0.675788164138794,0.6033474206924438,0.6803334951400757,0.66090989112854,0.5085461139678955,0.5158605575561523,0.6152029633522034,0.5351056456565857,0.6770464181900024,0.5755929350852966,0.7183756828308105,0.613988995552063
Q,0.28959575295448303,0.6030802130699158,0.3604474663734436,0.523163378238678,0.45224529504776,0.518802285194397,0.5495222210884094,0.5300432443618774,0.649834930896759,0.5510671138763428,0.3698797821998596,0.7312049865722656,0.45209604501724243,0.8096306920051575,0.5258599519729614,0.8526949882507324,0.5886179804801941,0.8801863193511963,0.3536362946033478,0.7677573561668396,0.44227105379104614,0.8342429399490356,0.5265792608261108,0.8732892274856567,0.5945241451263428,0.8978300094604492,0.3416590988636017,0.7747137546539307,0.4170249402523041,0.8327054381370544,0.4763520359992981,0.8607290983200073,0.5187718868255615,0.875340461730957,0.3275192081928253,0.7662168741226196,0.3565804064273834,0.7966811656951904,0.3694050908088684,0.8114370107650757,0.37409916520118713,0.8218919634819031
R,0.7171776294708252,0.8713146448135376,0.6134389042854309,0.8385316133499146,0.5937780737876892,0.6873366832733154,0.7084262371063232,0.5471204519271851,0.795013427734375,0.4829186797142029,0.5368863940238953,0.540863037109375,0.5769560933113098,0.36312219500541687,0.6101102232933044,0.24104881286621094,0.6370546221733093,0.14087218046188354,0.6239571571350098,0.5222432613372803,0.6062904000282288,0.3295173645019531,0.5974031090736389,0.20547330379486084,0.5961701273918152,0.09396755695343018,0.7156046032905579,0.5434522032737732,0.76768559217453,0.4528033435344696,0.7509779930114746,0.5868536233901978,0.723353385925293,0.6588137745857239,0.8065493106842041,0.5895698666572571,0.8386160731315613,0.5340274572372437,0.8107788562774658,0.6266207098960876,0.7863519191741943,0.6836660504341125
R,0.7572101354598999,0.7921586036682129,0.6406471133232117,0.7660044431686401,0.6122702360153198,0.6157457232475281,0.7253952622413635,0.48172229528427124,0.8170773983001709,0.4001797139644623,0.5595508217811584,0.46621423959732056,0.5916430950164795,0.29809558391571045,0.6267000436782837,0.18137529492378235,0.6565868258476257,0.08496227860450745,0.6479881405830383,0.44899120926856995,0.6242769360542297,0.2640060484409332,0.6140885949134827,0.14228016138076782,0.6128665208816528,0.03258323669433594,0.7382837533950806,0.4678737223148346,0.7811998724937439,0.3740803599357605,0.7643746137619019,0.5118940472602844,0.741891622543335,0.5933626890182495,0.822343111038208,0.509417712688446,0.8468532562255859,0.4476339519023895,0.8190320730209351,0.5506685376167297,0.7966748476028442,0.621523380279541
R,0.22058835625648499,0.8767147660255432,0.1446092128753662,0.8207378387451172,0.1267891675233841,0.7207248210906982,0.1988058090209961,0.6439369916915894,0.26779893040657043,0.5953940153121948,0.12580987811088562,0.6007575392723083,0.158633291721344,0.4798241853713989,0.1872425377368927,0.4112231731414795,0.21379601955413818,0.3551347851753235,0.19073161482810974,0.603649377822876,0.1885177195072174,0.4671529233455658,0.19364657998085022,0.3996308743953705,0.20491589605808258,0.3523417115211487,0.24726711213588715,0.6380610466003418,0.26775139570236206,0.5931992530822754,0.24688772857189178,0.6787081360816956,0.23662254214286804,0.72983717918396,0.2960312068462372,0.6880733966827393,0.2996320426464081,0.6626207828521729,0.27091753482818604,0.7264047861099243,0.2544041574001312,0.7652828693389893
R,0.5168833136558533,0.8994491100311279,0.42582327127456665,0.8448714017868042,0.3946707844734192,0.7178422808647156,0.48993393778800964,0.628987729549408,0.5817087888717651,0.5923349261283875,0.4336821436882019,0.5899699330329895,0.45014476776123047,0.46053776144981384,0.47293034195899963,0.37170058488845825,0.5007275938987732,0.29815542697906494,0.5058362483978271,0.5884151458740234,0.4888560175895691,0.4427987039089203,0.47124776244163513,0.345113068819046,0.47286471724510193,0.2673252820968628,0.573047935962677,0.6261723637580872,0.575458288192749,0.5350759029388428,0.5350053906440735,0.6402189135551453,0.5246543288230896,0.7138888835906982,0.6323744058609009,0.6855450868606567,0.6210464835166931,0.6022923588752747,0.5750614404678345,0.6695076823234558,0.5591850876808167,0.7259009480476379
R,0.7643661499023438,0.8114772439002991,0.7013046741485596,0.7613386511802673,0.6987712979316711,0.6548572778701782,0.7858235836029053,0.5771098136901855,0.8538748621940613,0.5350506901741028,0.7026923894882202,0.5562278032302856,0.7562609314918518,0.44179093837738037,0.8042580485343933,0.36880791187286377,0.8471929430961609,0.31151503324508667,0.7691667079925537,0.5613346695899963,0.7968863844871521,0.4271341562271118,0.8134446740150452,0.3391736149787903,0.8304406404495239,0.26822394132614136,0.8276161551475525,0.5987105965614319,0.8605756759643555,0.5383802652359009,0.8267406225204468,0.6139296889305115,0.8047892451286316,0.6666079163551331,0.8765177726745605,0.6511839628219604,0.8885384798049927,0.6176417469978333,0.8512117266654968,0.6718146800994873,0.8257156610488892,0.713755190372467
S,0.6113953590393066,0.6443303227424622,0.47998276352882385,0.5602787137031555,0.41328752040863037,0.40947359800338745,0.5118364691734314,0.31742021441459656,0.6246840953826904,0.35314086079597473,0.47885245084762573,0.3504883348941803,0.4851832985877991,0.24039024114608765,0.4857616722583771,0.3354876637458801,0.4837261736392975,0.37957465648651123,0.5675351619720459,0.36572161316871643,0.5775717496871948,0.25665515661239624,0.5560203790664673,0.367986261844635,0.5461642146110535,0.4108591079711914,0.6532952189445496,0.39688700437545776,0.6565583348274231,0.31006908416748047,0.6151532530784607,0.4180249273777008,0.6109073758125305,0.4530654549598694,0.7289867401123047,0.44320663809776306,0.7265893816947937,0.38141927123069763,0.6836324334144592,0.4501483738422394,0.6756172180175781,0.4808740019798279
S,0.4897022843360901,0.6247963905334473,0.37328803539276123,0.5513854622840881,0.3077956438064575,0.40720313787460327,0.4042239189147949,0.3320056200027466,0.5109366774559021,0.3633482754230499,0.3712979257106781,0.35105228424072266,0.376726359128952,0.2562057375907898,0.37296777963638306,0.34144821763038635,0.3736534118652344,0.3800993859767914,0.45366859436035156,0.3654758930206299,0.4633917808532715,0.27374860644340515,0.43949276208877563,0.3734356462955475,0.43300753831863403,0.4119696319103241,0.5304677486419678,0.39644941687583923,0.5330883264541626,0.3279288411140442,0.491987019777298,0.42649954557418823,0.4898434281349182,0.45837730169296265,0.5960022211074829,0.4420323967933655,0.5913188457489014,0.3939470052719116,0.5501427054405212,0.45759910345077515,0.5433109998703003,0.4862774610519409
S,0.6967856287956238,0.8714659810066223,0.5568877458572388,0.8110193014144897,0.4741132855415344,0.6516299247741699,0.5468985438346863,0.5167844891548157,0.6558434367179871,0.5399694442749023,0.5021832585334778,0.6080152988433838,0.5182994604110718,0.48223623633384705,0.5270267128944397,0.5748975276947021,0.5163780450820923,0.6242369413375854,0.6006266474723816,0.6057035326957703,0.6163638830184937,0.4992530047893524,0.6081486344337463,0.6060439348220825,0.5969616770744324,0.6504625082015991,0.6965081095695496,0.6214619874954224,0.7097516655921936,0.5241986513137817,0.681888997554779,0.6361284255981445,0.6750310659408569,0.6806836724281311,0.7820667028427124,0.6534197926521301,0.7809475064277649,0.5973987579345703,0.7429043650627136,0.6761021018028259,0.7309226989746094,0.7131819725036621
S,0.6419485211372375,0.7933039665222168,0.4805915653705597,0.7442092895507812,0.36794209480285645,0.5864429473876953,0.4751075208187103,0.47630155086517334,0.616960346698761,0.49098724126815796,0.4395880699157715,0.49687737226486206,0.4375799000263214,0.3712376654148102,0.45711711049079895,0.4783819019794464,0.46199485659599304,0.532970130443573,0.546733021736145,0.500956654548645,0.5524332523345947,0.3706401586532593,0.5469896197319031,0.5068889260292053,0.5312687754631042,0.5623692274093628,0.6455647945404053,0.5270581245422363,0.6574403643608093,0.4269941449165344,0.623288631439209,0.5654977560043335,0.6084492206573486,0.6101689338684082,0.7272692918777466,0.5736366510391235,0.7403157949447632,0.5108344554901123,0.6988797783851624,0.6007533669471741,0.676508367061615,0.6414197683334351
S,0.36172762513160706,0.7907637357711792,0.4326859712600708,0.7606799006462097,0.46055084466934204,0.7062442302703857,0.4437785744667053,0.6149341464042664,0.4194819927215576,0.5440696477890015,0.41964221000671387,0.7567270994186401,0.42613300681114197,0.7042921781539917,0.4537525773048401,0.6353631615638733,0.4792066216468811,0.5775706768035889,0.35157424211502075,0.7410879135131836,0.33864283561706543,0.6461668610572815,0.38570117950439453,0.5596751570701599,0.42793574929237366,0.5056702494621277,0.2974875271320343,0.7100218534469604,0.29922640323638916,0.5872647762298584,0.36544111371040344,0.5384063720703125,0.4122928977012634,0.5252583622932434,0.2654356360435486,0.6751657128334045,0.2707364559173584,0.5832598209381104,0.3201603591442108,0.5501717329025269,0.3564883768558502,0.5457485318183899
T,0.6049812436103821,0.8443170189857483,0.41170427203178406,0.8629839420318604,0.2294292151927948,0.768670380115509,0.10626830160617828,0.6655647158622742,0.05555737018585205,0.553545355796814,0.34957173466682434,0.5256076455116272,0.3409053683280945,0.3232908844947815,0.331043004989624,0.35735172033309937,0.3470536172389984,0.4317997992038727,0.4759686589241028,0.5070608258247375,0.480083703994751,0.3771473169326782,0.4877828359603882,0.5300635099411011,0.495186448097229,0.6127042770385742,0.5952973365783691,0.5145474076271057,0.6007238626480103,0.41169440746307373,0.5891305804252625,0.5586913228034973,0.5810221433639526,0.625747799873352,0.6973743438720703,0.5378963351249695,0.7187274098396301,0.45377442240715027,0.6930419206619263,0.5516963601112366,0.6639847755432129,0.6061021089553833
T,0.5467216372489929,0.857425332069397,0.3630162179470062,0.8838373422622681,0.19262860715389252,0.8040304183959961,0.07734113931655884,0.7133974432945251,0.02916926145553589,0.6060327291488647,0.29573890566825867,0.5418914556503296,0.2629479169845581,0.390522301197052,0.23913082480430603,0.366723895072937,0.2377922236919403,0.38077282905578613,0.40369507670402527,0.5250388979911804,0.36401084065437317,0.40466049313545227,0.3785135746002197,0.5621269345283508,0.40236854553222656,0.6124337911605835,0.5150529146194458,0.5316590666770935,0.465224027633667,0.41992318630218506,0.4667593240737915,0.5850056409835815,0.49191710352897644,0.6250113844871521,0.6287429332733154,0.5516192317008972,0.5825662612915039,0.47116589546203613,0.5671884417533875,0.5870064496994019,0.5828997492790222,0.6208767294883728
T,0.7542681694030762,0.7016425132751465,0.5099678039550781,0.7502367496490479,0.28708207607269287,0.6917981505393982,0.1675589233636856,0.5601429343223572,0.12225981056690216,0.3881058692932129,0.4183894395828247,0.4473888874053955,0.38026854395866394,0.2131841629743576,0.38042232394218445,0.18866199254989624,0.41083142161369324,0.2241584062576294,0.5429520606994629,0.3805117607116699,0.5356953144073486,0.19601067900657654,0.5774713754653931,0.29230719804763794,0.6034317016601562,0.3879527151584625,0.6654620170593262,0.3742716610431671,0.6839994192123413,0.2239845097064972,0.7131109833717346,0.34643232822418213,0.7037071585655212,0.43774163722991943,0.7597822546958923,0.4122450053691864,0.7903388738632202,0.27996695041656494,0.8137239813804626,0.3443935811519623,0.7949844002723694,0.4189006984233856
T,0.6753299236297607,0.809248685836792,0.43598178029060364,0.835824728012085,0.22858692705631256,0.7440605163574219,0.1062420904636383,0.6070574522018433,0.08774417638778687,0.448653906583786,0.3634973466396332,0.4490022659301758,0.32273921370506287,0.2272755354642868,0.3346279561519623,0.28340619802474976,0.3609194755554199,0.3717127740383148,0.5075105428695679,0.4301488399505615,0.4806196689605713,0.27972152829170227,0.5047464966773987,0.4719436764717102,0.5298963785171509,0.5671082735061646,0.6446508765220642,0.4394921660423279,0.6251053810119629,0.3121167719364166,0.6226229667663574,0.5047410726547241,0.6371147036552429,0.5951279401779175,0.7760804891586304,0.46377110481262207,0.7854160666465759,0.35028842091560364,0.7606730461120605,0.4867744445800781,0.7530779242515564,0.5742472410202026
T,0.6537013649940491,0.9258993268013,0.5240313410758972,0.9118691682815552,0.42430579662323,0.8231326341629028,0.3758466839790344,0.732836127281189,0.3320876359939575,0.6588951945304871,0.4958927035331726,0.6928551197052002,0.4903557300567627,0.6104415655136108,0.49800044298171997,0.5942258834838867,0.506946325302124,0.5981402397155762,0.5732914805412292,0.6795183420181274,0.5725031495094299,0.6039926409721375,0.5811484456062317,0.7118038535118103,0.5915331840515137,0.7947990298271179,0.6556116342544556,0.6851012110710144,0.6548534631729126,0.6240832805633545,0.6486471891403198,0.7328723073005676,0.6468124985694885,0.8089196681976318,0.7414860129356384,0.7058964371681213,0.7372307181358337,0.6551837921142578,0.7219194769859314,0.730887770652771,0.7158947587013245,0.7908613681793213
U,0.788837730884552,0.9247187376022339,0.6662071943283081,0.9073352813720703,0.6289843916893005,0.7789779901504517,0.7440651059150696,0.6557185053825378,0.8450337648391724,0.5697030425071716,0.6191028952598572,0.5657770037651062,0.611009418964386,0.38135838508605957,0.612994372844696,0.25955650210380554,0.61850905418396,0.15864688158035278,0.7153408527374268,0.554202139377594,0.6967034339904785,0.35846197605133057,0.6859726309776306,0.22605076432228088,0.6927483677864075,0.11351451277732849,0.8111101388931274,0.5916876792907715,0.8397444486618042,0.543509304523468,0.808035671710968,0.6861245632171631,0.7910100817680359,0.7661958336830139,0.8994356989860535,0.6537386775016785,0.9163955450057983,0.6135388016700745,0.8765658140182495,0.7091474533081055,0.8507407307624817,0.7752834558486938
U,0.7809862494468689,0.8681552410125732,0.6550977230072021,0.8694210052490234,0.6144119501113892,0.7233476042747498,0.7335684895515442,0.5944450497627258,0.8363792896270752,0.5150532126426697,0.6060430407524109,0.5201330780982971,0.5954046249389648,0.3432316184043884,0.5954701900482178,0.21743497252464294,0.6004730463027954,0.11225143074989319,0.7098601460456848,0.5033248066902161,0.6916543841362,0.3227183520793915,0.6822261810302734,0.1899908185005188,0.6865885257720947,0.07297685742378235,0.8103728294372559,0.5442604422569275,0.8252519369125366,0.4797951281070709,0.7900493144989014,0.634197473526001,0.7697755098342896,0.7250363826751709,0.8975813388824463,0.6086934208869934,0.8883214592933655,0.5691748261451721,0.8513718843460083,0.6775397658348083,0.8296497464179993,0.7504307627677917
U,0.7362979650497437,0.9114170074462891,0.6015859246253967,0.9214202165603638,0.5669183731079102,0.8058657646179199,0.7088842988014221,0.6813891530036926,0.828336238861084,0.581902265548706,0.5200439691543579,0.5732340812683105,0.5082548260688782,0.38006824254989624,0.510929524898529,0.23762527108192444,0.5180216431617737,0.11636167764663696,0.6394903659820557,0.5427996516227722,0.6224395036697388,0.34853073954582214,0.6293721199035645,0.20751821994781494,0.6488522887229919,0.08164960145950317,0.7502038478851318,0.5650368332862854,0.797917366027832,0.5448294281959534,0.7707789540290833,0.7061719298362732,0.7413089275360107,0.7867801189422607,0.8442811965942383,0.6219668388366699,0.8675805926322937,0.6489348411560059,0.8354002833366394,0.7642422318458557,0.8063943386077881,0.827658474445343
U,0.42688924074172974,0.7508234977722168,0.34476402401924133,0.6814186573028564,0.3111935555934906,0.5585327744483948,0.39471808075904846,0.4787670373916626,0.47915324568748474,0.43891575932502747,0.3666906952857971,0.43647927045822144,0.366199254989624,0.30373620986938477,0.3743804097175598,0.21849828958511353,0.3900871276855469,0.14526799321174622,0.44253426790237427,0.44135501980781555,0.45595577359199524,0.3001393973827362,0.4497155547142029,0.20748703181743622,0.4529776871204376,0.1314740777015686,0.5067091584205627,0.4896179735660553,0.48070478439331055,0.4284002184867859,0.42329463362693787,0.5149593949317932,0.41298162937164307,0.5777231454849243,0.5598152875900269,0.5561347007751465,0.522458016872406,0.4983862042427063,0.4702403247356415,0.5539746284484863,0.45244312286376953,0.6023670434951782
U,0.7569897770881653,0.8016836643218994,0.6827519536018372,0.7371010780334473,0.6635479927062988,0.6246955990791321,0.7549548149108887,0.5539112687110901,0.8277633190155029,0.5392234325408936,0.6904544234275818,0.5244658589363098,0.6851954460144043,0.40662825107574463,0.695172905921936,0.32876813411712646,0.7106756567955017,0.2655108869075775,0.7565124034881592,0.5282002687454224,0.7535917162895203,0.40441977977752686,0.7517170310020447,0.3222290277481079,0.7584693431854248,0.25953832268714905,0.8185998201370239,0.5678979158401489,0.8232405781745911,0.5160585045814514,0.7888637781143188,0.6039079427719116,0.7766801714897156,0.6624428033828735,0.8747475147247314,0.6278472542762756,0.8681980967521667,0.5824612975120544,0.8310794830322266,0.6406047940254211,0.8116456270217896,0.6882378458976746
V,0.7590138912200928,0.8871912956237793,0.6111090779304504,0.8394753932952881,0.5827374458312988,0.7064971923828125,0.7147047519683838,0.6173520684242249,0.8364868760108948,0.6160387396812439,0.5868124961853027,0.5372273921966553,0.5365411639213562,0.36273807287216187,0.5052196383476257,0.24778378009796143,0.4815285801887512,0.14226338267326355,0.6986414790153503,0.525038480758667,0.707778811454773,0.33962422609329224,0.7097690105438232,0.19687718152999878,0.7259807586669922,0.06826606392860413,0.7979615330696106,0.5647414326667786,0.8350802063941956,0.5329473614692688,0.7904595732688904,0.6633848547935486,0.7641890048980713,0.7373769283294678,0.8816943168640137,0.6276242136955261,0.8988960385322571,0.602971613407135,0.8609803318977356,0.6893799304962158,0.8355517387390137,0.7464280128479004
V,0.7191462516784668,0.9082900285720825,0.5858377814292908,0.861435055732727,0.5607631802558899,0.7152649164199829,0.6978493332862854,0.6189871430397034,0.8174315094947815,0.6163471937179565,0.5662830471992493,0.5457006692886353,0.5159421563148499,0.3711109161376953,0.48485440015792847,0.2534235119819641,0.46412718296051025,0.1483689546585083,0.6769561171531677,0.5313540101051331,0.6816062927246094,0.34497612714767456,0.6824000477790833,0.20553824305534363,0.6969668865203857,0.08048897981643677,0.7761372923851013,0.570708155632019,0.8182909488677979,0.5216996669769287,0.777971088886261,0.6634126901626587,0.7542669177055359,0.7514926195144653,0.8614814281463623,0.63526451587677,0.875313401222229,0.6039892435073853,0.8326224684715271,0.6995582580566406,0.8004047274589539,0.7657389640808105
V,0.4806594252586365,0.8198556900024414,0.3469572067260742,0.7805852890014648,0.29660987854003906,0.6158671379089355,0.42209264636039734,0.5042439103126526,0.545164942741394,0.5422361493110657,0.2931672930717468,0.49330705404281616,0.2521745562553406,0.32139861583709717,0.2248433381319046,0.20448917150497437,0.21268242597579956,0.095913827419281,0.4037185311317444,0.4762977361679077,0.40735670924186707,0.3008309006690979,0.4003395140171051,0.15926438570022583,0.4136539399623871,0.040300190448760986,0.5060544013977051,0.5094165205955505,0.5176170468330383,0.4311966896057129,0.4826362729072571,0.5587087273597717,0.47223544120788574,0.6337233781814575,0.5944375991821289,0.5656468868255615,0.5840055346488953,0.5131434798240662,0.5555260181427002,0.598168671131134,0.5452782511711121,0.6461313962936401
V,0.47680893540382385,0.8673067092895508,0.3931271731853485,0.7811040282249451,0.3833944499492645,0.6662572622299194,0.4983409643173218,0.6251781582832336,0.5829904079437256,0.6412818431854248,0.40436556935310364,0.5293878316879272,0.3866984248161316,0.3882420063018799,0.3809942603111267,0.29385602474212646,0.3792150616645813,0.21088483929634094,0.4883507788181305,0.5371643900871277,0.5127542614936829,0.3921608328819275,0.5298210382461548,0.29581397771835327,0.5495359897613525,0.21493789553642273,0.5556957721710205,0.5875605940818787,0.5875188708305359,0.524977445602417,0.5446161031723022,0.6174318194389343,0.5242856740951538,0.6705392003059387,0.6086468696594238,0.6587644219398499,0.6248292922973633,0.6092047691345215,0.5836049318313599,0.6673732399940491,0.5598676800727844,0.7047802805900574
V,0.5669569373130798,0.8542253971099854,0.46501702070236206,0.8186323642730713,0.43864795565605164,0.7020210027694702,0.5527194142341614,0.6285444498062134,0.6436076760292053,0.6285013556480408,0.44376444816589355,0.5429930686950684,0.39462313055992126,0.4029245972633362,0.36432093381881714,0.3035432994365692,0.34883326292037964,0.21113747358322144,0.5428725481033325,0.5300614237785339,0.5468662977218628,0.37880373001098633,0.5422414541244507,0.2654966115951538,0.5531206727027893,0.1651058793067932,0.6319292187690735,0.5689108967781067,0.632516086101532,0.49991145730018616,0.5985305905342102,0.6102558374404907,0.5933443307876587,0.6725945472717285,0.7089649438858032,0.6306354999542236,0.6932518482208252,0.5754541158676147,0.6668924689292908,0.6439622044563293,0.6600937843322754,0.6862577199935913
W,0.6233206987380981,0.8764438629150391,0.546674370765686,0.8802305459976196,0.542651355266571,0.8030543327331543,0.6499139070510864,0.7050558924674988,0.7561681270599365,0.6297200918197632,0.4754481613636017,0.5665183067321777,0.4008464813232422,0.4066980481147766,0.3574284613132477,0.28593072295188904,0.32898709177970886,0.17340609431266785,0.5535948872566223,0.5279067754745483,0.5479559898376465,0.33782413601875305,0.5492868423461914,0.2095228135585785,0.5452175736427307,0.08664447069168091,0.6391826272010803,0.551108717918396,0.7115157842636108,0.40339145064353943,0.7523941397666931,0.28041285276412964,0.7681872844696045,0.1553584635257721,0.7182238101959229,0.6193475127220154,0.7568033933639526,0.5807108879089355,0.7578182220458984,0.609591543674469,0.7441593408584595,0.6301357746124268
W,0.6246615648269653,0.8308534026145935,0.555298924446106,0.8297970294952393,0.5737969875335693,0.7936602830886841,0.6825084090232849,0.7316941618919373,0.7906489372253418,0.6639418005943298,0.49459153413772583,0.5753083229064941,0.437894344329834,0.4167916774749756,0.4111129939556122,0.2867390215396881,0.394425630569458,0.17035791277885437,0.5854463577270508,0.5273349285125732,0.5708556771278381,0.34164291620254517,0.5773770809173584,0.20854902267456055,0.5868816375732422,0.08294358849525452,0.6720781326293945,0.5421354174613953,0.7541387677192688,0.3934415578842163,0.794512927532196,0.27360695600509644,0.8098616003990173,0.1571844518184662,0.7454488277435303,0.5943819880485535,0.8024135828018188,0.5650467872619629,0.8039448857307434,0.5995293259620667,0.7832867503166199,0.6280369162559509
W,0.5491999387741089,0.7952697277069092,0.48582956194877625,0.763930082321167,0.4871188700199127,0.6940174102783203,0.5789074301719666,0.6259430050849915,0.6752490997314453,0.5755140781402588,0.4203616976737976,0.5481200218200684,0.3799251914024353,0.41361498832702637,0.3643164038658142,0.3155541718006134,0.35064399242401123,0.22883284091949463,0.4949127435684204,0.5197710394859314,0.477861225605011,0.3791956603527069,0.47952112555503845,0.27726227045059204,0.4782892167568207,0.18680590391159058,0.5668381452560425,0.5360804200172424,0.6135514378547668,0.4207936227321625,0.6480855941772461,0.3254217505455017,0.6615990400314331,0.23803165555000305,0.6284536123275757,0.5824012756347656,0.6517322063446045,0.568217933177948,0.64211505651474,0.6197065114974976,0.6265092492103577,0.6650495529174805
W,0.4738706946372986,0.7487414479255676,0.4237980246543884,0.6951870322227478,0.41476958990097046,0.6142978668212891,0.4884113371372223,0.5578294992446899,0.5538172125816345,0.5231601595878601,0.3847585916519165,0.5153519511222839,0.34684741497039795,0.41971784830093384,0.32827335596084595,0.3555528223514557,0.31162020564079285,0.2976561188697815,0.443848192691803,0.5049461126327515,0.4306687116622925,0.3978338837623596,0.4299091398715973,0.3286140561103821,0.42923134565353394,0.2758719325065613,0.49760159850120544,0.522859513759613,0.5179451704025269,0.4242814779281616,0.5342613458633423,0.3535551428794861,0.5472383499145508,0.2927900552749634,0.5471627712249756,0.5600271821022034,0.5424873232841492,0.5101384520530701,0.5235965251922607,0.5493510365486145,0.5133959650993347,0.5934494137763977
W,0.6223013997077942,0.7883490920066833,0.5156376361846924,0.7787668704986572,0.4746520519256592,0.6904950141906738,0.5724830031394958,0.6225440502166748,0.6719701886177063,0.5599456429481506,0.45125293731689453,0.5188575983047485,0.3894900977611542,0.37695014476776123,0.35832417011260986,0.2723996043205261,0.33014827966690063,0.17974412441253662,0.5521188974380493,0.48185521364212036,0.5370678901672363,0.3347116708755493,0.5414035320281982,0.22220385074615479,0.5437683463096619,0.11820042133331299,0.6401744484901428,0.4990442395210266,0.6590769290924072,0.3634226322174072,0.6744384765625,0.24782517552375793,0.6786958575248718,0.13760340213775635,0.7168504595756531,0.5543652772903442,0.6918232440948486,0.5340971946716309,0.655396580696106,0.6048288941383362,0.6300792694091797,0.6685171723365784
X,0.5045506358146667,0.9308775663375854,0.33816152811050415,0.9104455709457397,0.186619371175766,0.7203090786933899,0.2943069338798523,0.6168471574783325,0.4682866632938385,0.5970617532730103,0.3220714032649994,0.512182891368866,0.31069231033325195,0.33548370003700256,0.2961233854293823,0.2657741904258728,0.3010627031326294,0.22549238801002502,0.44416940212249756,0.5102384090423584,0.411490797996521,0.4432975649833679,0.3891974985599518,0.614086925983429,0.4004260301589966,0.7039358019828796,0.5560083985328674,0.5410884022712708,0.5408496856689453,0.49471887946128845,0.5010219216346741,0.6776854991912842,0.5005537867546082,0.7604044675827026,0.6731797456741333,0.6001810431480408,0.6557982563972473,0.5404250025749207,0.5986519455909729,0.6703248620033264,0.5802699327468872,0.7395085692405701
X,0.5302013158798218,0.9466304779052734,0.3652704954147339,0.9380216598510742,0.21809843182563782,0.7628709077835083,0.31907904148101807,0.6730846762657166,0.4835832118988037,0.6506877541542053,0.34554022550582886,0.541947603225708,0.34178483486175537,0.36600399017333984,0.3362514078617096,0.2939109802246094,0.3457416296005249,0.25220733880996704,0.46648555994033813,0.5357886552810669,0.4481603503227234,0.4648324251174927,0.4215254485607147,0.6231273412704468,0.4209904670715332,0.7202648520469666,0.5808016657829285,0.568449079990387,0.5741966366767883,0.5391002893447876,0.5333726406097412,0.7118781208992004,0.5210078358650208,0.7995303869247437,0.6979376077651978,0.629059910774231,0.6960501074790955,0.5822464823722839,0.6381187438964844,0.7020507454872131,0.6068507432937622,0.7723755836486816
X,0.7393470406532288,0.8047664165496826,0.5514108538627625,0.817849338054657,0.39493799209594727,0.6915124654769897,0.5023221373558044,0.5510019659996033,0.6667064428329468,0.5387551784515381,0.4828243553638458,0.5051872730255127,0.5081447958946228,0.34407681226730347,0.5426487922668457,0.2456132173538208,0.5875167846679688,0.1378805935382843,0.6189546585083008,0.4628300368785858,0.6411537528038025,0.3616500794887543,0.6348965764045715,0.45462220907211304,0.6299261450767517,0.49502527713775635,0.7554311752319336,0.4656970500946045,0.7827935218811035,0.3860880136489868,0.7333619594573975,0.5355836153030396,0.7001727223396301,0.6078668832778931,0.8724056482315063,0.5128576159477234,0.8928025364875793,0.4669240713119507,0.8277506828308105,0.5741614699363708,0.7799307703971863,0.6266505122184753
X,0.4395618736743927,0.9181121587753296,0.3108503520488739,0.9070234298706055,0.17606410384178162,0.7937281131744385,0.21889165043830872,0.700321614742279,0.3466322720050812,0.6590458154678345,0.2574668824672699,0.6065731644630432,0.23244309425354004,0.44883573055267334,0.23199769854545593,0.46635591983795166,0.24868378043174744,0.515179455280304,0.3564240336418152,0.6014915704727173,0.3258938491344452,0.5207388997077942,0.32804417610168457,0.6554844379425049,0.34455037117004395,0.7276161909103394,0.44679757952690125,0.6181015372276306,0.42790886759757996,0.5721840858459473,0.4098813831806183,0.7091330885887146,0.4133748710155487,0.7758497595787048,0.5418299436569214,0.6550835371017456,0.5193562507629395,0.5920066237449646,0.486540824174881,0.6888561844825745,0.4781952500343323,0.7494814991950989
X,0.3637356162071228,0.84747713804245,0.310213565826416,0.6936954855918884,0.254533588886261,0.5554904341697693,0.2232975959777832,0.44382691383361816,0.21377940475940704,0.3748670220375061,0.2649069130420685,0.611294150352478,0.2875588834285736,0.5224013924598694,0.2936996817588806,0.5286806225776672,0.29021722078323364,0.5392616391181946,0.3259797990322113,0.6812782883644104,0.37503185868263245,0.6089161038398743,0.36745336651802063,0.5993139147758484,0.3389410972595215,0.6004986763000488,0.3911096453666687,0.7519345879554749,0.4396892189979553,0.6755263805389404,0.4331396222114563,0.6670229434967041,0.408733606338501,0.6640194654464722,0.4459998309612274,0.8132768273353577,0.4849507212638855,0.7381300330162048,0.47349750995635986,0.7262721657752991,0.44251549243927,0.722427248954773
Y,0.3363557457923889,0.6660146117210388,0.22205738723278046,0.5578489303588867,0.16885223984718323,0.4435759484767914,0.14735329151153564,0.3408033847808838,0.14248281717300415,0.2663579285144806,0.33489811420440674,0.4123172461986542,0.38694435358047485,0.342003732919693,0.351774662733078,0.42300745844841003,0.31594419479370117,0.4914124608039856,0.41475343704223633,0.45273730158805847,0.4604101777076721,0.378118634223938,0.40261751413345337,0.4676339626312256,0.35705313086509705,0.534857451915741,0.4812008738517761,0.4993830621242523,0.5251084566116333,0.43273216485977173,0.4677261412143707,0.5170151591300964,0.4257468283176422,0.5745425224304199,0.5346059799194336,0.5454162359237671,0.616129457950592,0.4687279462814331,0.6743772029876709,0.4269787073135376,0.7279994487762451,0.3825165033340454
Y,0.4561462998390198,0.5708673000335693,0.3416236639022827,0.4605887532234192,0.2764051556587219,0.3555225729942322,0.2396809458732605,0.2575482726097107,0.2331342101097107,0.18071341514587402,0.43750444054603577,0.3145429790019989,0.4880135655403137,0.23013564944267273,0.4587623178958893,0.3079850375652313,0.4285464584827423,0.37381649017333984,0.5160941481590271,0.35416150093078613,0.560248076915741,0.27097994089126587,0.5087992548942566,0.35758984088897705,0.4685693681240082,0.42265576124191284,0.5825658440589905,0.3981492817401886,0.6270548701286316,0.3240640461444855,0.5771508812904358,0.4041600525379181,0.5408677458763123,0.46055272221565247,0.638929009437561,0.4379805028438568,0.7196577191352844,0.3576284348964691,0.7767833471298218,0.3105113208293915,0.8294283151626587,0.2601075768470764
Y,0.19696089625358582,0.4581798315048218,0.12415286153554916,0.3789619207382202,0.08525367081165314,0.3065128028392792,0.06844346225261688,0.2382497936487198,0.06925475597381592,0.19374136626720428,0.2080206722021103,0.2792975902557373,0.2372434288263321,0.2247571349143982,0.2142854630947113,0.27557241916656494,0.19355988502502441,0.31372496485710144,0.2551236152648926,0.3076278567314148,0.2850205600261688,0.25073930621147156,0.24815861880779266,0.3092459738254547,0.22071945667266846,0.34830185770988464,0.2958105504512787,0.33870092034339905,0.3266206681728363,0.2868553400039673,0.28856033086776733,0.3424674868583679,0.2617664039134979,0.37829703092575073,0.33226728439331055,0.3676162362098694,0.3859750032424927,0.30979183316230774,0.4145505726337433,0.2738109827041626,0.4369351863861084,0.23620112240314484
Y,0.39204591512680054,0.5986580848693848,0.2873697876930237,0.5547745227813721,0.2116691619157791,0.5026823878288269,0.16341906785964966,0.44410601258277893,0.15351326763629913,0.39846619963645935,0.32787469029426575,0.4140940010547638,0.31722962856292725,0.3492717146873474,0.3171441853046417,0.4132273197174072,0.3197402358055115,0.46224990487098694,0.389810711145401,0.4217984974384308,0.38701769709587097,0.3518456518650055,0.37385985255241394,0.42563265562057495,0.3684009909629822,0.4798867702484131,0.4453478455543518,0.4380420446395874,0.44809970259666443,0.37619832158088684,0.428566038608551,0.44355088472366333,0.4193304181098938,0.4898301064968109,0.495197594165802,0.4584711194038391,0.5224552750587463,0.3765655755996704,0.5274300575256348,0.3314014673233032,0.526864767074585,0.2902226150035858
Y,0.5428094863891602,0.6929733157157898,0.3916519582271576,0.6660060882568359,0.2613661289215088,0.5904377698898315,0.1736438125371933,0.4968736469745636,0.15211905539035797,0.4090195894241333,0.3784662187099457,0.46032893657684326,0.40003296732902527,0.37218332290649414,0.4114355444908142,0.469422310590744,0.41780027747154236,0.5492658019065857,0.468654066324234,0.45295411348342896,0.4927365779876709,0.37964576482772827,0.49339327216148376,0.49739083647727966,0.4875052869319916,0.5848948955535889,0.5536192059516907,0.46594539284706116,0.5809175968170166,0.40794530510902405,0.5758401155471802,0.519268810749054,0.5592629909515381,0.5988321304321289,0.6228770017623901,0.4887685477733612,0.6689256429672241,0.3986366093158722,0.7071880102157593,0.33885321021080017,0.7258498668670654,0.2705220580101013
